player_id,player_name,age,nationality,height,foot,position,current_club,league,appearances,minutes_played,minutes_per_game,goals,assists,goals_per_90,assists_per_90,npg_per90,npxg_per90,xag_per90,npxg_xag_per90,xg_per90,shots_per90,shots_on_target_per90,shots_on_target_pct,avg_shot_distance,sca_per90,gca_per90,key_passes_per90,passes_completed_per90,pass_completion_pct,passes_into_final_third_per90,passes_into_penalty_area_per90,progressive_passes_per90,progressive_passes_rec_per90,progressive_carries_per90,take_ons_per90,take_on_success_pct,carries_per90,carries_into_final_third_per90,touches_per90,touches_att_third_per90,touches_att_pen_per90,passes_received_per90,tackles_per90,interceptions_per90,blocks_per90,ball_recoveries_per90,aerials_won_per90,aerial_win_pct,yellow_cards_per90,red_cards_per90,fouls_committed_per90,goals_against_per90,shots_on_target_against_per90,saves_per90,save_percentage,clean_sheet_pct,psxg_per_shot,psxg_ga_per90,penalty_save_pct,passes_attempted_per90,launch_pct,avg_pass_length,def_actions_outside_pen_per90,avg_distance_def_actions,crosses_stopped_pct,wins_per90,draws_per90,losses_per90,market_value
alex-paulsen-514d6e,Alex Paulsen,23.0,New Zealand,183.0,,GK,Auckland FC,A-League Men,26,2340,90.0,0,0,,,,,,,,,,,,,,,,,,,,,,,,,,,,,,,,,,,,,,,,,,,,,,,,,,,,,,,,0.75
guillermo-may-fde378,Guillermo May,27.0,Uruguay,178.0,,FW,Auckland FC,A-League Men,26,2268,87.2,9,2,0.36,0.08,0.0,0.18,0.15,0.31,0.18,2.1,0.0,0.0,13.4,2.1,0.32,1.13,19.71,76.3,0.81,0.32,1.45,6.3,1.62,1.13,30.4,22.94,1.13,39.43,17.61,3.07,28.28,1.29,0.48,0.81,3.55,2.59,39.0,0.0,0.0,2.1,,,,,,,,,,,,,,,,,,0.75
francis-de-vries-8b2599,Francis de Vries,31.0,New Zealand,188.0,,DF,Auckland FC,A-League Men,26,2198,84.5,2,7,0.08,0.29,,,,,,,,,,,,,,,,,,,,,,,,,,,,,,,,,,,,,,,,,,,,,,,,,,,,,,0.6
nando-pijnaker-a6164e,Nando Pijnaker,26.0,New Zealand,192.0,Left,DF,Auckland FC,A-League Men,25,2142,85.7,4,0,0.17,,,,,,,,,,,,,,,,,,,,,,,,,,,,,,,,,,,,,,,,,,,,,,,,,,,,,,,0.45
hiroki-sakai-587e0d,Hiroki Sakai,35.0,Japan,185.0,Right,DF-MF,Auckland FC,A-League Men,23,2024,88.0,3,4,0.13,0.18,0.0,0.0,0.0,0.0,0.0,0.0,0.0,,,0.83,0.0,0.0,43.67,85.6,2.33,0.0,3.17,3.83,0.83,0.83,62.5,30.17,0.83,61.17,12.33,0.33,38.17,1.5,2.0,1.33,3.0,2.83,60.7,0.17,0.0,1.0,,,,,,,,,,,,,,,,,,0.5
felipe-gallegos-7d498f,Felipe Gallegos,33.0,Chile,173.0,Left,FW-MF,Auckland FC,A-League Men,25,1815,72.6,1,2,0.05,0.1,0.29,0.03,0.16,0.19,0.03,0.57,0.29,50.0,25.8,2.87,0.43,1.87,24.55,72.8,2.44,0.72,3.3,1.87,1.44,0.57,50.0,24.26,0.86,43.92,11.34,0.29,25.12,1.0,1.29,1.0,4.02,1.15,53.3,0.14,0.14,1.44,,,,,,,,,,,,,,,,,,0.25
logan-rogerson-bd7f48,Logan Rogerson,27.0,New Zealand,182.0,,FW-MF,Auckland FC,A-League Men,26,1782,68.5,7,2,0.35,0.1,,,,,,,,,,,,,,,,,,,,,,,,,,,,,,,,,,,,,,,,,,,,,,,,,,,,,,0.45
louis-verstraete-4f6866,Louis Verstraete,26.0,Belgium,186.0,Right,MF,Auckland FC,A-League Men,23,1734,75.4,2,3,0.1,0.16,0.48,0.13,0.02,0.15,0.13,1.13,0.81,71.4,18.7,1.45,0.48,0.16,29.84,74.0,3.39,0.65,4.52,4.52,1.13,0.81,71.4,24.68,1.61,55.16,13.71,2.26,32.26,4.84,2.1,1.61,7.1,0.81,50.0,0.32,0.0,2.26,,,,,,,,,,,,,,,,,,0.6
jake-brimmer-e41830,Jake Brimmer,27.0,Australia,169.0,,MF,Auckland FC,A-League Men,25,1498,59.9,3,3,0.18,0.18,,,,,,,,,,,,,,,,,,,,,,,,,,,,,,,,,,,,,,,,,,,,,,,,,,,,,,0.6
daniel-hall-094ee2,Daniel Hall,26.0,Australia,175.0,,DF,Auckland FC,A-League Men,13,1170,90.0,0,0,,,,,,,,,,,,,,,,,,,,,,,,,,,,,,,,,,,,,,,,,,,,,,,,,,,,,,,,
tommy-smith-2be116,Tommy Smith,35.0,New Zealand,187.0,Left,DF,Auckland FC,A-League Men,24,1213,50.5,0,0,0.11,0.07,0.11,0.15,0.06,0.21,0.15,0.86,0.3,34.8,8.4,0.82,0.19,0.37,26.37,82.7,3.1,0.0,2.76,0.22,0.37,0.0,,20.96,0.3,40.58,2.16,1.6,23.27,0.75,0.78,1.38,4.33,2.28,68.5,0.11,0.04,0.6,,,,,,,,,,,,,,,,,,0.1
liam-gillion-1cb57c,Liam Gillion,23.0,New Zealand,178.0,,FW,Auckland FC,A-League Men,13,939,72.2,0,1,,0.1,,,,,,,,,,,,,,,,,,,,,,,,,,,,,,,,,,,,,,,,,,,,,,,,,,,,,,0.35
max-mata-c8d296,Max Mata,25.0,New Zealand,186.0,,FW,Auckland FC,A-League Men,19,799,42.1,2,3,0.23,0.34,,,,,,,,,,,,,,,,,,,,,,,,,,,,,,,,,,,,,,,,,,,,,,,,,,,,,,0.3
neyder-moreno-9017a9,Neyder Moreno,28.0,Colombia,175.0,Right,MF,Auckland FC,A-League Men,22,995,45.2,9,2,0.81,0.18,,,,,,,,,,,,,,,,,,,,,,,,,,,,,,,,,,,,,,,,,,,,,,,,,,,,,,0.55
callan-elliot-137a09,Callan Elliot,26.0,New Zealand,175.0,,DF,Auckland FC,A-League Men,18,780,43.3,1,0,0.12,,,,,,,,,,,,,,,,,,,,,,,,,,,,,,,,,,,,,,,,,,,,,,,,,,,,,,,0.3
jesse-randall-1fcac0,Jesse Randall,23.0,New Zealand,176.0,,FW,Auckland FC,A-League Men,18,636,35.3,3,1,0.42,0.14,,,,,,,,,,,,,,,,,,,,,,,,,,,,,,,,,,,,,,,,,,,,,,,,,,,,,,0.35
marlee-francois-052ab9,Marlee Francois,22.0,Australia,181.0,,FW,Auckland FC,A-League Men,14,500,35.7,1,0,0.18,,,,,,,,,,,,,,,,,,,,,,,,,,,,,,,,,,,,,,,,,,,,,,,,,,,,,,,0.175
cameron-howieson-644c1c,Cameron Howieson,30.0,New Zealand,177.0,Left,MF,Auckland FC,A-League Men,19,613,32.3,0,0,,,,,,,,,,,,,,,,,,,,,,,,,,,,,,,,,,,,,,,,,,,,,,,,,,,,,,,,0.35
finn-mckenlay-426174,Finn McKenlay,20.0,New Zealand,190.0,Both,MF,Auckland FC,A-League Men,2,48,24.0,0,0,,,,,,,,,,,,,,,,,,,,,,,,,,,,,,,,,,,,,,,,,,,,,,,,,,,,,,,,0.2
luis-toomey-481c99,Luis Toomey,,New Zealand,178.0,,MF,Auckland FC,A-League Men,8,105,13.1,0,1,,0.86,,,,,,,,,,,,,,,,,,,,,,,,,,,,,,,,,,,,,,,,,,,,,,,,,,,,,,0.25
scott-galloway-13af17,Scott Galloway,,Australia,172.0,,DF-MF,Auckland FC,A-League Men,4,103,25.8,0,0,,,,,,,,,,,,,,,,,,,,,,,,,,,,,,,,,,,,,,,,,,,,,,,,,,,,,,,,0.2
jonty-bidois-113423,Jonty Bidois,21.0,New Zealand,184.0,Right,FW,Auckland FC,A-League Men,3,12,4.0,0,0,,,,,,,,,,,,,,,,,,,,,,,,,,,,,,,,,,,,,,,,,,,,,,,,,,,,,,,,0.175
adama-coulibaly-3abcf8,Adama Coulibaly,,New Zealand,186.0,,DF,Auckland FC,A-League Men,2,9,4.5,0,0,,,,,,,,,,,,,,,,,,,,,,,,,,,,,,,,,,,,,,,,,,,,,,,,,,,,,,,,
codey-phoenix-bdac70,Codey Phoenix,20.0,New Zealand,180.0,,DF,Auckland FC,A-League Men,0,0,,0,0,,,,,,,,,,,,,,,,,,,,,,,,,,,,,,,,,,,,,,,,,,,,,,,,,,,,,,,,0.1
michael-woud-b4be2d,Michael Woud,26.0,New Zealand,194.0,,GK,Auckland FC,A-League Men,0,0,,0,0,,,,,,,,,,,,,,,,,,,,,,,,,,,,,,,,,,,,,,,,,,,,,,,,,,,,,,,,0.2
patrick-beach-a1cd73,Patrick Beach,22.0,Australia,190.0,,GK,Melb City,A-League Men,26,2340,90.0,0,0,,,,,,,,,,,,,,,,,,,,,,,,,,,,,,,,,,,,,,,,,,,,,,,,,,,,,,,,0.5
nathaniel-atkinson-1f0513,Nathaniel Atkinson,26.0,Australia,181.0,,DF-MF,Melb City,A-League Men,26,2189,84.2,1,1,0.04,0.04,0.4,0.16,0.0,0.16,0.16,0.4,0.4,100.0,6.3,0.4,0.0,0.0,25.37,71.9,0.4,0.0,2.38,3.57,1.98,2.78,77.8,20.62,0.79,45.2,10.31,0.79,22.2,1.98,1.98,0.0,4.76,1.19,42.9,0.79,0.0,1.19,,,,,,,,,,,,,,,,,,0.7
aziz-behich-170ae2,Aziz Behich,34.0,Australia,172.0,Left,DF-MF,Melb City,A-League Men,24,2160,90.0,1,0,0.04,0.0,0.0,0.03,0.0,0.03,0.03,0.5,0.0,0.0,16.4,1.5,0.0,0.0,38.0,74.9,1.5,0.5,1.5,1.25,1.75,2.0,57.1,33.0,0.75,62.75,13.25,1.25,35.25,2.0,0.75,1.5,5.5,0.5,50.0,0.25,0.0,0.75,,,,,,,,,,,,,,,,,,0.3
kai-trewin-0ce6a8,Kai Trewin,24.0,Australia,179.0,,DF-MF,Melb City,A-League Men,24,2073,86.4,3,1,0.13,0.04,,,,,,,,,,,,,,,,,,,,,,,,,,,,,,,,,,,,,,,,,,,,,,,,,,,,,,0.75
samuel-souprayen-f61957,Samuel Souprayen,36.0,France,187.0,Left,DF,Melb City,A-League Men,21,1788,85.1,1,0,0.05,0.0,0.0,0.01,0.02,0.03,0.01,0.28,0.0,0.0,25.1,0.8,0.0,0.4,39.45,81.5,2.39,0.46,3.36,1.2,0.68,0.51,60.0,22.37,0.97,57.84,6.89,0.23,31.31,1.65,1.25,1.02,5.41,1.25,50.0,0.17,0.06,1.08,,,,,,,,,,,,,,,,,,0.1
steven-ugarkovic-980315,Steven Ugarković,31.0,Australia,179.0,,MF,Melb City,A-League Men,21,1669,79.5,3,1,0.16,0.05,,,,,,,,,,,,,,,,,,,,,,,,,,,,,,,,,,,,,,,,,,,,,,,,,,,,,,0.5
andreas-kuen-c8930b,Andreas Kuen,30.0,Austria,175.0,Left,FW-MF,Melb City,A-League Men,18,1299,72.2,3,7,0.21,0.48,0.0,0.0,0.19,0.24,0.0,0.47,0.47,100.0,24.1,0.95,0.0,0.95,16.58,64.8,0.47,0.0,0.95,3.32,0.95,0.95,66.7,15.63,0.47,33.63,11.37,1.42,20.84,1.89,0.0,1.42,3.32,0.47,25.0,0.47,0.0,3.32,,,,,,,,,,,,,,,,,,0.5
callum-talbot-4924bd,Callum Talbot,24.0,Australia,175.0,,DF,Melb City,A-League Men,20,1193,59.6,0,0,,,,,,,,,,,,,,,,,,,,,,,,,,,,,,,,,,,,,,,,,,,,,,,,,,,,,,,,0.35
marco-tilio-6d9830,Marco Tilio,24.0,Australia,165.0,,MF,Melb City,A-League Men,16,1152,72.0,5,4,0.39,0.31,,,,,,,,,,,,,,,,,,,,,,,,,,,,,,,,,,,,,,,,,,,,,,,,,,,,,,1.3
german-ferreyra-de47d0,Germán Ferreyra,29.0,Argentina,175.0,,DF-MF,Melb City,A-League Men,21,1270,60.5,1,1,0.07,0.07,0.07,0.11,0.03,0.14,0.11,0.68,0.21,30.0,14.5,1.58,0.14,0.55,27.74,73.0,2.95,0.62,4.25,1.92,0.96,0.75,55.0,20.0,1.37,49.59,8.01,0.96,22.6,3.22,2.05,1.1,5.34,1.23,50.0,0.14,0.07,1.51,,,,,,,,,,,,,,,,,,0.35
max-caputo-1c7f0f,Max Caputo,20.0,Australia,178.0,,FW,Melb City,A-League Men,12,929,77.4,5,1,0.48,0.1,,,,,,,,,,,,,,,,,,,,,,,,,,,,,,,,,,,,,,,,,,,,,,,,,,,,,,0.4
harry-politidis-b9747d,Harry Politidis,23.0,Australia,176.0,,DF,Melb City,A-League Men,22,1101,50.0,2,0,0.16,,,,,,,,,,,,,,,,,,,,,,,,,,,,,,,,,,,,,,,,,,,,,,,,,,,,,,,0.25
yonatan-cohen-7454e9,Yonatan Cohen,29.0,Israel,186.0,,FW-MF,Melb City,A-League Men,16,930,58.1,4,2,0.39,0.19,0.27,0.24,0.16,0.39,0.34,2.93,0.55,18.8,20.0,3.66,0.18,1.83,18.48,67.1,1.74,0.91,2.65,7.04,1.83,0.91,45.5,22.68,1.37,38.41,19.21,3.02,24.7,0.73,0.64,0.82,3.02,1.01,40.7,0.18,0.0,1.83,,,,,,,,,,,,,,,,,,0.45
medin-memeti-c3cd41,Medin Memeti,18.0,Australia,184.0,,FW,Melb City,A-League Men,18,1003,55.7,5,1,0.45,0.09,,,,,,,,,,,,,,,,,,,,,,,,,,,,,,,,,,,,,,,,,,,,,,,,,,,,,,0.3
zane-schreiber-cce31d,Zane Schreiber,20.0,Australia,176.0,,MF,Melb City,A-League Men,20,976,48.8,0,1,,0.09,,,,,,,,,,,,,,,,,,,,,,,,,,,,,,,,,,,,,,,,,,,,,,,,,,,,,,0.275
kavian-rahmani-cadb32,Kavian Rahmani,18.0,Australia,178.0,,FW,Melb City,A-League Men,20,651,32.5,0,2,,0.28,,,,,,,,,,,,,,,,,,,,,,,,,,,,,,,,,,,,,,,,,,,,,,,,,,,,,,0.225
benjamin-mazzeo-1b827f,Benjamin Mazzeo,20.0,Australia,174.0,,FW,Melb City,A-League Men,11,557,50.6,2,1,0.32,0.16,,,,,,,,,,,,,,,,,,,,,,,,,,,,,,,,,,,,,,,,,,,,,,,,,,,,,,0.15
alessandro-lopane-09917f,Alessandro Lopane,21.0,Australia,170.0,,MF,Melb City,A-League Men,6,493,82.2,1,1,0.18,0.18,,,,,,,,,,,,,,,,,,,,,,,,,,,,,,,,,,,,,,,,,,,,,,,,,,,,,,0.35
mathew-leckie-29ac22,Mathew Leckie,34.0,Australia,180.0,Right,FW-MF,Melb City,A-League Men,12,566,47.2,0,0,0.27,0.27,0.27,0.03,0.08,0.14,0.03,0.27,0.27,100.0,13.6,1.62,0.27,0.54,18.11,65.0,2.16,0.27,3.51,5.95,1.08,0.27,9.1,19.46,1.89,42.16,15.68,2.16,30.0,1.08,0.27,1.35,4.05,3.78,58.3,0.0,0.0,2.16,,,,,,,,,,,,,,,,,,0.4
lawrence-wong-bde15f,Lawrence Wong,18.0,Australia,180.0,Left,MF,Melb City,A-League Men,14,394,28.1,1,0,0.23,,,,,,,,,,,,,,,,,,,,,,,,,,,,,,,,,,,,,,,,,,,,,,,,,,,,,,,0.175
arion-sulemani-c3da92,Arion Sulemani,20.0,Australia,175.0,,MF,Melb City,A-League Men,8,264,33.0,0,1,,0.34,,,,,,,,,,,,,,,,,,,,,,,,,,,,,,,,,,,,,,,,,,,,,,,,,,,,,,0.1
james-jeggo-51f82b,James Jeggo,26.0,Australia,179.0,Right,MF,Melb City,A-League Men,4,248,62.0,0,0,0.0,0.0,0.0,0.02,0.01,0.03,0.02,0.4,0.1,25.0,24.1,1.3,0.3,0.3,32.43,78.1,3.19,0.1,4.99,0.2,0.2,0.1,33.3,32.03,0.5,51.19,3.59,0.1,28.54,2.49,1.9,1.3,5.79,1.0,50.0,0.5,0.0,1.8,,,,,,,,,,,,,,,,,,0.6
andrew-nabbout-c95792,Andrew Nabbout,32.0,Australia,175.0,Right,FW-MF,Melb City,A-League Men,3,232,77.3,2,0,0.78,,,,,,,,,,,,,,,,,,,,,,,,,,,,,,,,,,,,,,,,,,,,,,,,,,,,,,,0.4
michael-ghossaini-53d9e0,Michael Ghossaini,,,170.0,,FW,Melb City,A-League Men,8,126,15.8,0,1,,0.71,,,,,,,,,,,,,,,,,,,,,,,,,,,,,,,,,,,,,,,,,,,,,,,,,,,,,,0.1
emin-durakovic-c5fbae,Emin Durakovic,20.0,Australia,180.0,,MF,Melb City,A-League Men,5,76,15.2,0,0,,,,,,,,,,,,,,,,,,,,,,,,,,,,,,,,,,,,,,,,,,,,,,,,,,,,,,,,0.05
ben-dunbar-9498e5,Ben Dunbar,19.0,Australia,168.0,,MF,Melb City,A-League Men,4,40,10.0,0,1,,2.25,,,,,,,,,,,,,,,,,,,,,,,,,,,,,,,,,,,,,,,,,,,,,,,,,,,,,,0.05
lachie-charles-527a92,Lachie Charles,18.0,Australia,186.0,,GK,Melb City,A-League Men,0,0,,0,0,,,,,,,,,,,,,,,,,,,,,,,,,,,,,,,,,,,,,,,,,,,,,,,,,,,,,,,,
james-nieuwenhuizen-fc58c6,James Nieuwenhuizen,21.0,Australia,180.0,,GK,Melb City,A-League Men,0,0,,0,0,,,,,,,,,,,,,,,,,,,,,,,,,,,,,,,,,,,,,,,,,,,,,,,,,,,,,,,,0.05
dakota-ochsenham-941117,Dakota Ochsenham,26.0,Australia,192.0,,GK,Melb City,A-League Men,0,0,,0,0,,,,,,,,,,,,,,,,,,,,,,,,,,,,,,,,,,,,,,,,,,,,,,,,,,,,,,,,
harrison-shillington-325da8,Harrison Shillington,20.0,Australia,176.0,,DF,Melb City,A-League Men,0,0,,0,0,,,,,,,,,,,,,,,,,,,,,,,,,,,,,,,,,,,,,,,,,,,,,,,,,,,,,,,,0.05
jamie-young-c2a8bc,Jamie Young,,England,180.0,,GK,Melb City,A-League Men,0,0,,0,0,,,,,,,,,,,,,,,,,,,,,,,,,,,,,,,,,,,,,,,,,,,,,,,,,,,,,,,,
matthew-sutton-c12165,Matthew Sutton,25.0,Australia,,,GK,Western United,A-League Men,26,2340,90.0,0,0,,,,,,,,,,,,,,,,,,,,,,,,,,,,,,,,,,,,,,,,,,,,,,,,,,,,,,,,
angus-thurgate-ea34d2,Angus Thurgate,25.0,Australia,178.0,,MF,Western United,A-League Men,25,2242,89.7,2,5,0.08,0.2,,,,,,,,,,,,,,,,,,,,,,,,,,,,,,,,,,,,,,,,,,,,,,,,,,,,,,0.65
dylan-leonard-effc2e,Dylan Leonard,18.0,Australia,173.0,Right,DF,Western United,A-League Men,25,2151,86.0,1,1,0.04,0.04,,,,,,,,,,,,,,,,,,,,,,,,,,,,,,,,,,,,,,,,,,,,,,,,,,,,,,
tomoki-imai-2c2085,Tomoki Imai,35.0,Japan,178.0,,DF,Western United,A-League Men,24,2145,89.4,0,1,,0.04,,,,,,,,,,,,,,,,,,,,,,,,,,,,,,,,,,,,,,,,,,,,,,,,,,,,,,0.225
hiroshi-ibusuki-2300a1,Hiroshi Ibusuki,34.0,Japan,195.0,Right,FW,Western United,A-League Men,24,1940,80.8,10,1,0.46,0.05,,,,,,,,,,,,,,,,,,,,,,,,,,,,,,,,,,,,,,,,,,,,,,,,,,,,,,0.2
riku-danzaki-3f27c5,Riku Danzaki,,Japan,177.0,,MF,Western United,A-League Men,26,1865,71.7,4,7,0.19,0.34,,,,,,,,,,,,,,,,,,,,,,,,,,,,,,,,,,,,,,,,,,,,,,,,,,,,,,0.3
tate-russell-508c26,Tate Russell,26.0,Australia,178.0,,DF-MF,Western United,A-League Men,24,1944,81.0,1,1,0.05,0.05,,,,,,,,,,,,,,,,,,,,,,,,,,,,,,,,,,,,,,,,,,,,,,,,,,,,,,
noah-botic-fb6487,Noah Botić,23.0,Australia,183.0,,FW,Western United,A-League Men,26,1875,72.1,12,6,0.58,0.29,,,,,,,,,,,,,,,,,,,,,,,,,,,,,,,,,,,,,,,,,,,,,,,,,,,,,,0.7
rhys-bozinovski-826f10,Rhys Bozinovski,21.0,Australia,173.0,,MF,Western United,A-League Men,26,1838,70.7,5,1,0.24,0.05,,,,,,,,,,,,,,,,,,,,,,,,,,,,,,,,,,,,,,,,,,,,,,,,,,,,,,0.35
matthew-grimaldi-b3488e,Matthew Grimaldi,22.0,Australia,180.0,,MF,Western United,A-League Men,26,1468,56.5,5,1,0.31,0.06,,,,,,,,,,,,,,,,,,,,,,,,,,,,,,,,,,,,,,,,,,,,,,,,,,,,,,0.35
ben-garuccio-dbeeed,Ben Garuccio,30.0,Australia,174.0,Both,DF-MF,Western United,A-League Men,15,1243,82.9,1,5,0.07,0.36,,,,,,,,,,,,,,,,,,,,,,,,,,,,,,,,,,,,,,,,,,,,,,,,,,,,,,0.4
charbel-shamoon-82cea7,Charbel Shamoon,21.0,Iraq,178.0,,DF,Western United,A-League Men,17,1136,66.8,0,0,,,,,,,,,,,,,,,,,,,,,,,,,,,,,,,,,,,,,,,,,,,,,,,,,,,,,,,,0.25
abel-walatee-2ae9f4,Abel Walatee,21.0,Australia,177.0,Left,FW,Western United,A-League Men,19,861,45.3,3,0,0.31,,,,,,,,,,,,,,,,,,,,,,,,,,,,,,,,,,,,,,,,,,,,,,,,,,,,,,,0.3
james-donachie-482431,James Donachie,32.0,Australia,188.0,,DF,Western United,A-League Men,7,399,57.0,0,0,,,,,,,,,,,,,,,,,,,,,,,,,,,,,,,,,,,,,,,,,,,,,,,,,,,,,,,,0.25
sebastian-pasquali-44bc93,Sebastian Pasquali,26.0,Australia,176.0,,MF,Western United,A-League Men,6,271,45.2,0,0,,,,,,,,,,,,,,,,,,,,,,,,,,,,,,,,,,,,,,,,,,,,,,,,,,,,,,,,
michael-ruhs-ad9639,Michael Ruhs,23.0,Australia,180.0,,FW,Western United,A-League Men,17,469,27.6,4,2,0.77,0.38,,,,,,,,,,,,,,,,,,,,,,,,,,,,,,,,,,,,,,,,,,,,,,,,,,,,,,0.15
kane-vidmar-8b4b06,Kane Vidmar,21.0,Australia,185.0,,DF,Western United,A-League Men,6,344,57.3,1,0,0.26,,,,,,,,,,,,,,,,,,,,,,,,,,,,,,,,,,,,,,,,,,,,,,,,,,,,,,,
oliver-lavale-54e384,Oliver Lavale,20.0,Australia,,,FW,Western United,A-League Men,6,262,43.7,1,0,0.34,,,,,,,,,,,,,,,,,,,,,,,,,,,,,,,,,,,,,,,,,,,,,,,,,,,,,,,
jordan-lauton-10b515,Jordan Lauton,22.0,Australia,180.0,,MF,Western United,A-League Men,17,320,18.8,1,2,0.28,0.56,,,,,,,,,,,,,,,,,,,,,,,,,,,,,,,,,,,,,,,,,,,,,,,,,,,,,,0.2
luke-vickery-f4e223,Luke Vickery,20.0,Australia,183.0,,FW,Western United,A-League Men,12,311,25.9,1,1,0.29,0.29,,,,,,,,,,,,,,,,,,,,,,,,,,,,,,,,,,,,,,,,,,,,,,,,,,,,,,0.15
ramy-najjarine-fea6cd,Ramy Najjarine,25.0,Lebanon,176.0,,MF,Western United,A-League Men,16,226,14.1,1,2,0.4,0.8,,,,,,,,,,,,,,,,,,,,,,,,,,,,,,,,,,,,,,,,,,,,,,,,,,,,,,0.25
jake-najdovski-ec982a,Jake Najdovski,20.0,Australia,176.0,,FW,Western United,A-League Men,9,83,9.2,0,1,,1.08,,,,,,,,,,,,,,,,,,,,,,,,,,,,,,,,,,,,,,,,,,,,,,,,,,,,,,0.1
james-york-0ae89b,James York,20.0,Australia,187.0,,MF,Western United,A-League Men,1,5,5.0,0,0,,,,,,,,,,,,,,,,,,,,,,,,,,,,,,,,,,,,,,,,,,,,,,,,,,,,,,,,
tom-heward-belle-5420da,Tom Heward-Belle,28.0,Australia,192.0,,GK,Western United,A-League Men,0,0,,0,0,,,,,,,,,,,,,,,,,,,,,,,,,,,,,,,,,,,,,,,,,,,,,,,,,,,,,,,,0.25
michael-vonja-8491ac,Michael Vonja,19.0,Australia,189.0,,GK,Western United,A-League Men,0,0,,0,0,,,,,,,,,,,,,,,,,,,,,,,,,,,,,,,,,,,,,,,,,,,,,,,,,,,,,,,,
alex-bonetig-de39dc,Alex Bonetig,23.0,Australia,187.0,,DF,W Sydney,A-League Men,26,2295,88.3,0,0,,,,,,,,,,,,,,,,,,,,,,,,,,,,,,,,,,,,,,,,,,,,,,,,,,,,,,,,0.45
brandon-borrello-1b0063,Brandon Borrello,30.0,Australia,178.0,Right,FW-MF,W Sydney,A-League Men,25,2046,81.8,6,10,0.26,0.44,,,,,,,,,,,,,,,,,,,,,,,,,,,,,,,,,,,,,,,,,,,,,,,,,,,,,,0.75
bozhidar-kraev-3d6807,Bozhidar Kraev,28.0,Bulgaria,175.0,,FW-MF,W Sydney,A-League Men,26,1952,75.1,8,0,0.37,0.0,0.18,0.25,0.02,0.27,0.25,2.49,1.25,50.0,22.1,2.13,0.18,0.36,18.14,75.0,2.31,0.53,3.38,3.56,2.13,0.89,71.4,20.1,1.25,32.91,12.63,2.49,22.59,0.89,0.71,0.71,4.27,1.96,42.3,0.0,0.0,1.6,,,,,,,,,,,,,,,,,,0.7
joshua-brillante-b38a0f,Joshua Brillante,32.0,Australia,177.0,Right,DF-MF,W Sydney,A-League Men,23,1879,81.7,0,3,,0.14,,,,,,,,,,,,,,,,,,,,,,,,,,,,,,,,,,,,,,,,,,,,,,,,,,,,,,0.4
lawrence-thomas-fa0186,Lawrence Thomas,33.0,Australia,189.0,,GK,W Sydney,A-League Men,22,1980,90.0,0,0,,,,,,,,,,,,,,,,,,,,,,,,,,,,,,,,,,,,,,,,,,,,,,,,,,,,,,,,0.375
nicolas-milanovic-82998e,Nicolas Milanovic,24.0,Australia,185.0,,MF,W Sydney,A-League Men,25,1964,78.6,12,6,0.55,0.27,,,,,,,,,,,,,,,,,,,,,,,,,,,,,,,,,,,,,,,,,,,,,,,,,,,,,,0.6
oscar-priestman-81aef6,Oscar Priestman,22.0,Australia,175.0,,MF,W Sydney,A-League Men,25,1737,69.5,1,1,0.05,0.05,,,,,,,,,,,,,,,,,,,,,,,,,,,,,,,,,,,,,,,,,,,,,,,,,,,,,,0.375
gabriel-cleur-570aa7,Gabriel Cleur,27.0,Australia,185.0,,DF,W Sydney,A-League Men,21,1694,80.7,1,7,0.05,0.37,0.0,0.01,0.08,0.09,0.01,0.16,0.08,50.0,29.3,2.09,0.08,0.89,38.8,70.1,2.5,1.21,3.7,2.82,2.66,1.69,70.0,32.2,2.17,69.07,16.58,0.56,30.67,2.9,2.58,1.37,7.25,1.29,47.1,0.32,0.0,2.25,,,,,,,,,,,,,,,,,,0.45
zac-sapsford-94a948,Zac Sapsford,23.0,Australia,,,FW,W Sydney,A-League Men,25,1518,60.7,8,4,0.47,0.24,,,,,,,,,,,,,,,,,,,,,,,,,,,,,,,,,,,,,,,,,,,,,,,,,,,,,,
anthony-pantazopoulos-794276,Anthony Pantazopoulos,22.0,Australia,187.0,,DF,W Sydney,A-League Men,22,1809,82.2,2,0,0.1,,,,,,,,,,,,,,,,,,,,,,,,,,,,,,,,,,,,,,,,,,,,,,,,,,,,,,,0.375
jack-clisby-4ed2b9,Jack Clisby,,Australia,180.0,,DF,W Sydney,A-League Men,21,1587,75.6,1,2,0.06,0.11,,,,,,,,,,,,,,,,,,,,,,,,,,,,,,,,,,,,,,,,,,,,,,,,,,,,,,0.225
dylan-scicluna-df360a,Dylan Scicluna,21.0,Malta,175.0,Right,MF,W Sydney,A-League Men,9,681,75.7,1,1,0.13,0.13,,,,,,,,,,,,,,,,,,,,,,,,,,,,,,,,,,,,,,,,,,,,,,,,,,,,,,0.325
juan-mata-61592e,Juan Mata,37.0,Spain,170.0,Left,FW-MF,W Sydney,A-League Men,22,590,26.8,1,3,0.15,0.46,0.0,0.04,0.14,0.19,0.18,0.71,0.53,75.0,21.5,3.54,0.88,1.41,44.03,83.0,3.36,0.71,4.07,5.66,2.3,0.35,66.7,38.02,2.48,58.17,23.52,2.12,49.16,0.18,0.53,0.53,4.42,0.18,33.3,0.0,0.0,0.18,,,,,,,,,,,,,,,,,,0.4
aydan-hammond-4c536d,Aydan Hammond,21.0,Australia,175.0,,MF,W Sydney,A-League Men,24,683,28.5,4,0,0.53,,,,,,,,,,,,,,,,,,,,,,,,,,,,,,,,,,,,,,,,,,,,,,,,,,,,,,,0.275
alex-gersbach-096cb9,Alex Gersbach,28.0,Australia,183.0,Left,DF-MF,W Sydney,A-League Men,10,538,53.8,1,1,0.17,0.17,0.0,0.0,0.0,0.0,0.0,0.0,0.0,,,0.5,0.0,0.0,29.0,71.6,1.5,0.0,3.0,0.0,2.0,0.0,0.0,22.0,2.0,52.5,8.0,0.0,20.5,0.5,1.5,3.0,4.0,1.0,22.2,0.0,0.0,0.5,,,,,,,,,,,,,,,,,,0.35
dean-pelekanos-a9c974,Dean Pelekanos,25.0,Australia,180.0,,MF,W Sydney,A-League Men,14,530,37.9,0,1,,0.17,,,,,,,,,,,,,,,,,,,,,,,,,,,,,,,,,,,,,,,,,,,,,,,,,,,,,,0.15
jeong-taewook-86f984,Jeong Taewook,28.0,Korea Republic,194.0,Right,DF,W Sydney,A-League Men,5,450,90.0,0,0,,,,,,,,,,,,,,,,,,,,,,,,,,,,,,,,,,,,,,,,,,,,,,,,,,,,,,,,
marcus-antonsson-786581,Marcus Antonsson,34.0,Sweden,184.0,Right,FW,W Sydney,A-League Men,25,756,30.2,7,1,0.83,0.12,0.0,0.1,0.03,0.16,0.1,1.64,0.33,20.0,13.0,1.96,0.0,0.65,9.16,58.3,0.33,0.33,0.98,4.91,0.98,0.98,42.9,18.0,1.31,24.87,11.45,3.27,18.33,0.65,1.31,0.65,3.93,0.65,22.2,0.0,0.0,1.64,,,,,,,,,,,,,,,,,,0.4
tristan-vidackovic-bdf1f7,Tristan Vidackovic,22.0,Croatia,200.0,,GK,W Sydney,A-League Men,3,270,90.0,0,0,,,,,,,,,,,,,,,,,,,,,,,,,,,,,,,,,,,,,,,,,,,,,,,,,,,,,,,,0.05
jarrod-carluccio-62c573,Jarrod Carluccio,24.0,Australia,178.0,,FW,W Sydney,A-League Men,8,208,26.0,0,0,,,,,,,,,,,,,,,,,,,,,,,,,,,,,,,,,,,,,,,,,,,,,,,,,,,,,,,,0.25
jordan-holmes-eec936,Jordan Holmes,28.0,Australia,175.0,Right,GK,W Sydney,A-League Men,1,90,90.0,0,0,,,,,,,,,,,,,,,,,,,,,,,,,,,,,,,,,,,,,,,,,,,,,,,,,,,,,,,,0.15
jesse-cameron-6a7001,Jesse Cameron,20.0,Australia,185.0,,DF,W Sydney,A-League Men,2,46,23.0,0,0,,,,,,,,,,,,,,,,,,,,,,,,,,,,,,,,,,,,,,,,,,,,,,,,,,,,,,,,0.05
mohamed-al-taay-d6c7d7,Mohamed Al Taay,25.0,Iraq,,,MF,W Sydney,A-League Men,8,146,18.2,0,0,,,,,,,,,,,,,,,,,,,,,,,,,,,,,,,,,,,,,,,,,,,,,,,,,,,,,,,,
james-temelkovski-09e359,James Temelkovski,27.0,Australia,191.0,,MF,W Sydney,A-League Men,8,85,10.6,1,0,1.06,,,,,,,,,,,,,,,,,,,,,,,,,,,,,,,,,,,,,,,,,,,,,,,,,,,,,,,0.1
aidan-simmons-6c19ee,Aidan Simmons,22.0,Australia,173.0,,DF,W Sydney,A-League Men,4,70,17.5,0,0,,,,,,,,,,,,,,,,,,,,,,,,,,,,,,,,,,,,,,,,,,,,,,,,,,,,,,,,0.2
joshua-laws-4cebd1,Joshua Laws,,Australia,185.0,,DF,W Sydney,A-League Men,1,45,45.0,0,0,,,,,,,,,,,,,,,,,,,,,,,,,,,,,,,,,,,,,,,,,,,,,,,,,,,,,,,,0.2
alex-badolato-21d527,Alex Badolato,20.0,Australia,176.0,,MF,W Sydney,A-League Men,2,36,18.0,0,0,,,,,,,,,,,,,,,,,,,,,,,,,,,,,,,,,,,,,,,,,,,,,,,,,,,,,,,,0.175
benjamin-holliday-713b5c,Benjamin Holliday,,Australia,,,MF,W Sydney,A-League Men,3,16,5.3,0,0,,,,,,,,,,,,,,,,,,,,,,,,,,,,,,,,,,,,,,,,,,,,,,,,,,,,,,,,
alaat-abdul-rahman-a34ecf,Alaat Abdul-Rahman,,,,,FW,W Sydney,A-League Men,1,1,1.0,0,0,,,,,,,,,,,,,,,,,,,,,,,,,,,,,,,,,,,,,,,,,,,,,,,,,,,,,,,,
tom-beadling-90faec,Tom Beadling,,England,185.0,Right,DF-MF,W Sydney,A-League Men,0,0,,0,0,,,,,,,,,,,,,,,,,,,,,,,,,,,,,,,,,,,,,,,,,,,,,,,,,,,,,,,,0.125
jordi-valadon-dd8760,Jordi Valadon,22.0,Australia,174.0,,MF,Melb Victory,A-League Men,26,2192,84.3,0,4,,0.16,,,,,,,,,,,,,,,,,,,,,,,,,,,,,,,,,,,,,,,,,,,,,,,,,,,,,,0.5
roderick-miranda-57d68d,Roderick Miranda,34.0,Portugal,194.0,Right,DF,Melb Victory,A-League Men,25,2166,86.6,2,0,0.08,0.05,0.09,0.03,0.02,0.05,0.03,0.28,0.14,50.0,10.7,0.93,0.09,0.14,57.94,85.7,5.43,0.19,6.49,0.28,1.3,0.42,90.0,44.95,0.28,75.76,0.93,0.42,54.37,1.07,1.76,0.65,4.36,1.62,63.6,0.32,0.05,1.67,,,,,,,,,,,,,,,,,,0.6
ryan-teague-853d9b,Ryan Teague,23.0,Australia,182.0,,MF,Melb Victory,A-League Men,24,2108,87.8,4,2,0.17,0.09,,,,,,,,,,,,,,,,,,,,,,,,,,,,,,,,,,,,,,,,,,,,,,,,,,,,,,0.65
zinedine-machach-8d28bc,Zinédine Machach,29.0,France,185.0,Right,FW-MF,Melb Victory,A-League Men,25,1818,72.7,5,6,0.25,0.3,0.0,0.07,0.16,0.23,0.07,0.92,0.31,33.3,19.6,3.06,0.61,1.35,28.86,70.5,3.8,0.92,4.29,3.74,3.06,3.37,57.3,34.19,2.39,54.16,19.18,1.96,38.17,1.53,0.49,0.98,7.05,1.16,40.4,0.18,0.0,2.33,,,,,,,,,,,,,,,,,,0.65
kasey-bos-007876,Kasey Bos,21.0,Australia,186.0,,DF,Melb Victory,A-League Men,23,1830,79.6,3,2,0.15,0.1,,,,,,,,,,,,,,,,,,,,,,,,,,,,,,,,,,,,,,,,,,,,,,,,,,,,,,0.45
brendan-hamill-130c02,Brendan Hamill,33.0,Australia,178.0,,DF,Melb Victory,A-League Men,24,1862,77.6,1,2,0.05,0.1,,,,,,,,,,,,,,,,,,,,,,,,,,,,,,,,,,,,,,,,,,,,,,,,,,,,,,0.3
nikos-vergos-879b68,Nikos Vergos,29.0,Greece,185.0,Both,FW,Melb Victory,A-League Men,26,1446,55.6,7,3,0.44,0.19,,,,,,,,,,,,,,,,,,,,,,,,,,,,,,,,,,,,,,,,,,,,,,,,,,,,,,0.55
daniel-arzani-776723,Daniel Arzani,26.0,Australia,171.0,Right,MF,Melb Victory,A-League Men,25,1346,53.8,3,5,0.2,0.33,,,,,,,,,,,,,,,,,,,,,,,,,,,,,,,,,,,,,,,,,,,,,,,,,,,,,,0.5
jack-duncan-a21bb4,Jack Duncan,32.0,Australia,190.0,,GK,Melb Victory,A-League Men,15,1350,90.0,0,0,,,,,,,,,,,,,,,,,,,,,,,,,,,,,,,,,,,,,,,,,,,,,,,,,,,,,,,,0.2
nishan-velupillay-5d5cd9,Nishan Velupillay,24.0,Australia,181.0,,MF,Melb Victory,A-League Men,22,1350,61.4,7,4,0.47,0.27,,,,,,,,,,,,,,,,,,,,,,,,,,,,,,,,,,,,,,,,,,,,,,,,,,,,,,0.5
reno-piscopo-651d96,Reno Piscopo,27.0,Australia,170.0,,MF,Melb Victory,A-League Men,22,1140,51.8,2,3,0.16,0.24,,,,,,,,,,,,,,,,,,,,,,,,,,,,,,,,,,,,,,,,,,,,,,,,,,,,,,0.5
joshua-rawlins-fdbef1,Joshua Rawlins,21.0,Australia,181.0,,DF,Melb Victory,A-League Men,19,1129,59.4,0,1,,0.08,,,,,,,,,,,,,,,,,,,,,,,,,,,,,,,,,,,,,,,,,,,,,,,,,,,,,,0.35
jason-geria-c4deea,Jason Geria,32.0,Australia,178.0,Right,DF,Melb Victory,A-League Men,12,1080,90.0,1,0,0.08,,,,,,,,,,,,,,,,,,,,,,,,,,,,,,,,,,,,,,,,,,,,,,,,,,,,,,,0.45
mitchell-langerak-13e3e6,Mitchell Langerak,,Australia,192.0,Right,GK,Melb Victory,A-League Men,11,990,90.0,0,0,,,,,,,,,,,,,,,,,,,,,,,,,,,,,,,,,,,,,,,,,,,,,,,,,,,,,,,,
santos-23afa4,Santos,24.0,Brazil,184.0,,FW,Melb Victory,A-League Men,22,987,44.9,4,1,0.36,0.09,,,,,,,,,,,,,,,,,,,,,,,,,,,,,,,,,,,,,,,,,,,,,,,,,,,,,,
bruno-fornaroli-d3e9e3,Bruno Fornaroli,38.0,Australia,174.0,,FW,Melb Victory,A-League Men,23,866,37.7,4,1,0.42,0.1,,,,,,,,,,,,,,,,,,,,,,,,,,,,,,,,,,,,,,,,,,,,,,,,,,,,,,
adama-traore-f89e8a,Adama Traoré,35.0,Côte d'Ivoire,182.0,Left,DF-MF,Melb Victory,A-League Men,11,564,51.3,1,0,0.16,,,,,,,,,,,,,,,,,,,,,,,,,,,,,,,,,,,,,,,,,,,,,,,,,,,,,,,9.0
lachlan-jackson-83ef91,Lachlan Jackson,30.0,Australia,196.0,,DF,Melb Victory,A-League Men,8,539,67.4,0,0,,,,,,,,,,,,,,,,,,,,,,,,,,,,,,,,,,,,,,,,,,,,,,,,,,,,,,,,0.5
joshua-inserra-145cb5,Joshua Inserra,20.0,Australia,180.0,,DF,Melb Victory,A-League Men,5,269,53.8,0,0,,,,,,,,,,,,,,,,,,,,,,,,,,,,,,,,,,,,,,,,,,,,,,,,,,,,,,,,0.175
jing-reec-cbe66e,Jing Reec,22.0,Australia,188.0,,FW,Melb Victory,A-League Men,13,245,18.8,0,0,,,,,,,,,,,,,,,,,,,,,,,,,,,,,,,,,,,,,,,,,,,,,,,,,,,,,,,,0.1
fabian-monge-60bd25,Fabian Monge,24.0,Australia,177.0,,MF,Melb Victory,A-League Men,17,179,10.5,0,0,,,,,,,,,,,,,,,,,,,,,,,,,,,,,,,,,,,,,,,,,,,,,,,,,,,,,,,,
alex-badolato-21d527-1,Alex Badolato,20.0,Australia,176.0,,MF,Melb Victory,A-League Men,6,178,29.7,0,0,,,,,,,,,,,,,,,,,,,,,,,,,,,,,,,,,,,,,,,,,,,,,,,,,,,,,,,,0.175
daniel-graskoski-7ece97,Daniel Graskoski,18.0,Australia,189.0,,GK,Melb Victory,A-League Men,0,0,,0,0,,,,,,,,,,,,,,,,,,,,,,,,,,,,,,,,,,,,,,,,,,,,,,,,,,,,,,,,0.1
luka-kolic-901e57,Luka Kolic,21.0,Australia,183.0,,MF,Melb Victory,A-League Men,0,0,,0,0,,,,,,,,,,,,,,,,,,,,,,,,,,,,,,,,,,,,,,,,,,,,,,,,,,,,,,,,
kayne-razmovski-5f39f2,Kayne Razmovski,20.0,Australia,,,DF,Melb Victory,A-League Men,0,0,,0,0,,,,,,,,,,,,,,,,,,,,,,,,,,,,,,,,,,,,,,,,,,,,,,,,,,,,,,,,
ethan-alagich-3c0a59,Ethan Alagich,21.0,Australia,178.0,,MF,Adelaide,A-League Men,26,2323,89.3,2,2,0.08,0.08,,,,,,,,,,,,,,,,,,,,,,,,,,,,,,,,,,,,,,,,,,,,,,,,,,,,,,0.45
stefan-mauk-99e117,Stefan Mauk,30.0,Australia,174.0,Right,FW-MF,Adelaide,A-League Men,26,2007,77.2,8,2,0.36,0.09,,,,,,,,,,,,,,,,,,,,,,,,,,,,,,,,,,,,,,,,,,,,,,,,,,,,,,0.6
bart-vriends-393142,Bart Vriends,34.0,Netherlands,188.0,Right,DF,Adelaide,A-League Men,23,2070,90.0,2,0,0.09,0.04,0.08,0.08,0.03,0.11,0.08,0.45,0.16,36.4,10.2,0.73,0.12,0.24,45.06,84.6,3.59,0.12,4.57,0.16,0.45,0.33,72.7,35.76,0.12,63.55,1.18,0.69,40.0,1.02,1.22,1.18,4.57,3.59,67.2,0.12,0.0,0.86,,,,,,,,,,,,,,,,,,0.3
zach-clough-c139ac,Zach Clough,30.0,England,170.0,Right,FW-MF,Adelaide,A-League Men,26,1859,71.5,7,9,0.34,0.44,,,,,,,,,,,,,,,,,,,,,,,,,,,,,,,,,,,,,,,,,,,,,,,,,,,,,,0.7
dylan-pierias-eded08,Dylan Pierias,25.0,Australia,175.0,,DF-MF,Adelaide,A-League Men,24,2008,83.7,4,3,0.18,0.13,,,,,,,,,,,,,,,,,,,,,,,,,,,,,,,,,,,,,,,,,,,,,,,,,,,,,,0.45
panagiotis-kikianis-58dc39,Panagiotis Kikianis,20.0,Australia,187.0,,DF,Adelaide,A-League Men,22,1938,88.1,2,1,0.09,0.05,,,,,,,,,,,,,,,,,,,,,,,,,,,,,,,,,,,,,,,,,,,,,,,,,,,,,,0.45
jay-barnett-304f61,Jay Barnett,24.0,Australia,175.0,,MF,Adelaide,A-League Men,25,1761,70.4,0,1,,0.05,,,,,,,,,,,,,,,,,,,,,,,,,,,,,,,,,,,,,,,,,,,,,,,,,,,,,,0.35
ryan-kitto-f87a42,Ryan Kitto,31.0,Australia,182.0,Right,DF-FW-MF,Adelaide,A-League Men,19,1664,87.6,1,1,0.05,0.05,,,,,,,,,,,,,,,,,,,,,,,,,,,,,,,,,,,,,,,,,,,,,,,,,,,,,,0.4
archie-goodwin-edad9e,Archie Goodwin,21.0,Australia,179.0,,FW,Adelaide,A-League Men,26,1561,60.0,13,0,0.75,,,,,,,,,,,,,,,,,,,,,,,,,,,,,,,,,,,,,,,,,,,,,,,,,,,,,,,0.75
james-delianov-0965ff,James Delianov,26.0,Australia,188.0,,GK,Adelaide,A-League Men,14,1260,90.0,0,0,,,,,,,,,,,,,,,,,,,,,,,,,,,,,,,,,,,,,,,,,,,,,,,,,,,,,,,,0.3
ben-folami-beeb9a,Ben Folami,26.0,Australia,180.0,Right,MF,Adelaide,A-League Men,22,1068,48.5,1,2,0.08,0.17,,,,,,,,,,,,,,,,,,,,,,,,,,,,,,,,,,,,,,,,,,,,,,,,,,,,,,0.35
isaias-sanchez-1e1bb2,Isaías Sánchez,,Spain,173.0,Left,MF,Adelaide,A-League Men,21,926,44.1,0,1,,0.1,,,,,,,,,,,,,,,,,,,,,,,,,,,,,,,,,,,,,,,,,,,,,,,,,,,,,,
luka-jovanovic-754938,Luka Jovanovic,20.0,Australia,180.0,,FW,Adelaide,A-League Men,20,701,35.0,4,0,0.51,,,,,,,,,,,,,,,,,,,,,,,,,,,,,,,,,,,,,,,,,,,,,,,,,,,,,,,
ethan-cox-dbf810,Ethan Cox,21.0,Australia,182.0,,GK,Adelaide,A-League Men,7,630,90.0,0,0,,,,,,,,,,,,,,,,,,,,,,,,,,,,,,,,,,,,,,,,,,,,,,,,,,,,,,,,0.15
austin-ayoubi-9ba3de,Austin Ayoubi,24.0,Australia,181.0,Right,FW,Adelaide,A-League Men,15,525,35.0,2,2,0.34,0.34,,,,,,,,,,,,,,,,,,,,,,,,,,,,,,,,,,,,,,,,,,,,,,,,,,,,,,0.2
jonny-yull-b032c0,Jonny Yull,20.0,Australia,176.0,,MF,Adelaide,A-League Men,20,762,38.1,1,3,0.12,0.35,,,,,,,,,,,,,,,,,,,,,,,,,,,,,,,,,,,,,,,,,,,,,,,,,,,,,,0.3
yaya-dukuly-e1359c,Yaya Dukuly,22.0,Australia,176.0,Left,FW,Adelaide,A-League Men,19,728,38.3,1,4,0.12,0.49,,,,,,,,,,,,,,,,,,,,,,,,,,,,,,,,,,,,,,,,,,,,,,,,,,,,,,0.25
javi-lopez-ed36f3,Javi López,30.0,Spain,180.0,Right,DF-MF,Adelaide,A-League Men,6,467,77.8,0,0,0.0,0.0,0.0,0.03,0.07,0.1,0.03,1.01,0.0,0.0,19.6,2.36,0.0,1.01,44.83,76.4,3.71,2.36,4.04,7.42,4.72,2.02,75.0,47.19,4.04,75.51,22.58,1.01,42.13,3.03,4.72,1.35,6.07,2.36,46.7,0.67,0.34,3.03,,,,,,,,,,,,,,,,,,7.5
max-vartuli-cb474f,Max Vartuli,20.0,Australia,192.0,,GK,Adelaide,A-League Men,5,450,90.0,0,0,,,,,,,,,,,,,,,,,,,,,,,,,,,,,,,,,,,,,,,,,,,,,,,,,,,,,,,,0.1
harry-crawford-9b4de6,Harry Crawford,19.0,Australia,185.0,,FW,Adelaide,A-League Men,5,334,66.8,1,0,0.27,,,,,,,,,,,,,,,,,,,,,,,,,,,,,,,,,,,,,,,,,,,,,,,,,,,,,,,
ryan-white-ad8fa4,Ryan White,21.0,Australia,,,MF,Adelaide,A-League Men,17,320,18.8,0,0,,,,,,,,,,,,,,,,,,,,,,,,,,,,,,,,,,,,,,,,,,,,,,,,,,,,,,,,
jordan-elsey-300923,Jordan Elsey,,Australia,187.0,,DF,Adelaide,A-League Men,3,182,60.7,1,0,0.49,,,,,,,,,,,,,,,,,,,,,,,,,,,,,,,,,,,,,,,,,,,,,,,,,,,,,,,
fabian-talladira-e422a7,Fabian Talladira,19.0,Australia,179.0,,DF,Adelaide,A-League Men,1,90,90.0,0,0,,,,,,,,,,,,,,,,,,,,,,,,,,,,,,,,,,,,,,,,,,,,,,,,,,,,,,,,0.1
amlani-tatu-512567,Amlani Tatu,17.0,Australia,175.0,Right,FW,Adelaide,A-League Men,3,45,15.0,0,0,,,,,,,,,,,,,,,,,,,,,,,,,,,,,,,,,,,,,,,,,,,,,,,,,,,,,,,,0.075
panashe-madanha-11aa96,Panashe Madanha,21.0,Australia,185.0,,DF,Adelaide,A-League Men,3,31,10.3,0,0,,,,,,,,,,,,,,,,,,,,,,,,,,,,,,,,,,,,,,,,,,,,,,,,,,,,,,,,0.1
luke-duzel-f47f68,Luke Duzel,23.0,Australia,182.0,,MF,Adelaide,A-League Men,1,2,2.0,0,0,,,,,,,,,,,,,,,,,,,,,,,,,,,,,,,,,,,,,,,,,,,,,,,,,,,,,,,,0.1
ryan-tunnicliffe-e06989,Ryan Tunnicliffe,24.0,England,183.0,Right,MF,Adelaide,A-League Men,1,1,1.0,0,0,0.13,0.0,0.13,0.14,0.05,0.19,0.14,0.96,0.26,26.7,17.3,1.72,0.0,0.83,28.07,75.3,2.04,0.64,3.38,3.06,0.83,0.26,36.4,21.81,0.96,47.01,17.09,1.79,25.64,1.34,1.08,1.08,4.85,0.89,38.9,0.13,0.0,0.89,,,,,,,,,,,,,,,,,,0.075
joshua-cavallo-49558a,Joshua Cavallo,26.0,Australia,176.0,,MF,Adelaide,A-League Men,0,0,,0,0,,,,,,,,,,,,,,,,,,,,,,,,,,,,,,,,,,,,,,,,,,,,,,,,,,,,,,,,
oscar-page-83153c,Oscar Page,,Australia,,,GK,Adelaide,A-League Men,0,0,,0,0,,,,,,,,,,,,,,,,,,,,,,,,,,,,,,,,,,,,,,,,,,,,,,,,,,,,,,,,
sotirios-phillis-e05fae,Sotirios Phillis,19.0,Australia,,,DF,Adelaide,A-League Men,0,0,,0,0,,,,,,,,,,,,,,,,,,,,,,,,,,,,,,,,,,,,,,,,,,,,,,,,,,,,,,,,
rhyan-grant-89a005,Rhyan Grant,34.0,Australia,174.0,Right,DF-MF,Sydney FC,A-League Men,25,2250,90.0,1,3,0.04,0.12,,,,,,,,,,,,,,,,,,,,,,,,,,,,,,,,,,,,,,,,,,,,,,,,,,,,,,0.4
anthony-caceres-24e738,Anthony Cáceres,33.0,Australia,173.0,,MF,Sydney FC,A-League Men,25,2222,88.9,3,3,0.12,0.12,,,,,,,,,,,,,,,,,,,,,,,,,,,,,,,,,,,,,,,,,,,,,,,,,,,,,,0.55
joe-lolley-b3c2b4,Joe Lolley,33.0,England,178.0,Left,FW-MF,Sydney FC,A-League Men,24,1959,81.6,9,7,0.41,0.32,0.0,0.14,0.23,0.37,0.14,3.18,0.53,16.7,24.0,4.42,0.18,2.12,24.38,66.7,2.3,1.85,4.33,6.36,4.77,1.77,46.5,32.77,2.38,49.81,25.7,3.27,33.65,1.59,0.79,1.24,5.21,1.06,52.2,0.09,0.0,0.88,,,,,,,,,,,,,,,,,,1.2
jordan-courtney-perkins-cf0851,Jordan Courtney-Perkins,23.0,Australia,189.0,,DF,Sydney FC,A-League Men,25,1938,77.5,4,1,0.19,0.05,,,,,,,,,,,,,,,,,,,,,,,,,,,,,,,,,,,,,,,,,,,,,,,,,,,,,,0.45
harrison-devenish-meares-ad635e,Harrison Devenish-Meares,29.0,Australia,190.0,,GK,Sydney FC,A-League Men,20,1712,85.6,0,0,,,,,,,,,,,,,,,,,,,,,,,,,,,,,,,,,,,,,,,,,,,,,,,,,,,,,,,,0.2
leo-sena-b5a9e4,Léo Sena,29.0,Brazil,175.0,Right,MF,Sydney FC,A-League Men,20,1596,79.8,1,3,0.06,0.17,0.0,0.01,0.01,0.02,0.01,0.2,0.0,0.0,24.5,2.14,0.1,0.2,55.32,87.2,11.59,0.51,9.36,1.22,3.05,3.66,83.7,52.17,3.56,73.42,14.24,0.2,54.61,2.24,1.12,1.93,7.83,0.41,26.7,0.0,0.0,0.71,,,,,,,,,,,,,,,,,,0.5
patryk-klimala-6d32cc,Patryk Klimala,27.0,Poland,183.0,Right,FW,Sydney FC,A-League Men,21,1629,77.6,11,2,0.61,0.11,0.16,0.32,0.13,0.46,0.45,2.8,1.15,41.2,16.8,2.31,0.22,1.21,7.75,51.1,0.66,0.55,2.09,7.36,1.43,0.33,17.6,15.93,0.77,27.75,17.69,5.16,20.71,0.71,0.05,0.6,2.8,1.76,27.4,0.33,0.0,2.31,,,,,,,,,,,,,,,,,,0.6
anas-ouahim-6835b1,Anas Ouahim,28.0,Germany,175.0,Right,FW-MF,Sydney FC,A-League Men,22,1434,65.2,1,4,0.06,0.25,0.15,0.11,0.07,0.18,0.11,1.77,0.44,25.0,22.0,2.07,0.3,0.52,22.3,78.0,1.18,0.66,3.17,2.95,1.7,1.11,35.7,26.73,1.4,41.94,14.03,1.62,25.99,2.73,0.81,0.74,6.94,0.59,28.6,0.3,0.0,1.85,,,,,,,,,,,,,,,,,,0.6
joel-king-a8f068,Joel King,25.0,Australia,175.0,,DF,Sydney FC,A-League Men,23,1409,61.3,1,2,0.06,0.13,,,,,,,,,,,,,,,,,,,,,,,,,,,,,,,,,,,,,,,,,,,,,,,,,,,,,,0.4
alex-popovic-0ac3fe,Alex Popović,23.0,Australia,184.0,,DF,Sydney FC,A-League Men,16,1328,83.0,0,0,,,,,,,,,,,,,,,,,,,,,,,,,,,,,,,,,,,,,,,,,,,,,,,,,,,,,,,,
adrian-segecic-e009dd,Adrian Segecic,21.0,Australia,173.0,,MF,Sydney FC,A-League Men,24,1351,56.3,13,2,0.87,0.13,0.44,0.12,0.18,0.3,0.12,2.54,0.88,34.8,21.6,2.43,0.0,1.33,10.6,61.1,1.21,1.21,1.55,6.07,0.99,0.88,33.3,16.56,0.66,30.81,17.56,2.54,18.55,1.33,0.22,0.66,3.2,0.66,33.3,0.0,0.0,0.88,,,,,,,,,,,,,,,,,,1.5
douglas-costa-b7cf24,Douglas Costa,35.0,Brazil,172.0,Left,FW-MF,Sydney FC,A-League Men,16,1022,63.9,4,5,0.35,0.44,0.22,0.26,0.36,0.61,0.26,2.88,0.74,25.6,23.9,5.02,0.89,2.81,43.37,77.1,4.29,1.33,5.99,7.24,5.25,3.1,56.0,46.55,3.47,66.87,30.52,2.51,51.58,0.67,0.59,0.96,4.29,0.22,33.3,0.15,0.07,0.74,,,,,,,,,,,,,,,,,,0.4
hayden-matthews-9154eb,Hayden Matthews,21.0,Australia,195.0,,DF,Sydney FC,A-League Men,12,1011,84.2,0,1,0.0,0.09,0.0,0.03,0.0,0.03,0.03,0.17,0.0,0.0,4.4,0.87,0.0,0.17,32.71,75.6,3.63,0.35,3.98,0.69,1.9,0.17,33.3,24.23,0.35,54.52,3.81,0.87,28.04,1.38,0.35,1.04,2.42,2.6,62.5,0.0,0.0,0.35,,,,,,,,,,,,,,,,,,1.3
corey-hollman-7b526b,Corey Hollman,22.0,Australia,180.0,,MF,Sydney FC,A-League Men,18,1065,59.2,0,0,,,,,,,,,,,,,,,,,,,,,,,,,,,,,,,,,,,,,,,,,,,,,,,,,,,,,,,,0.4
zac-de-jesus-725a30,Zac De Jesus,19.0,Australia,173.0,,DF,Sydney FC,A-League Men,12,738,61.5,0,1,,0.12,,,,,,,,,,,,,,,,,,,,,,,,,,,,,,,,,,,,,,,,,,,,,,,,,,,,,,0.25
andrew-redmayne-903df6,Andrew Redmayne,36.0,Australia,194.0,,GK,Sydney FC,A-League Men,8,625,78.1,0,0,,,,,,,,,,,,,,,,,,,,,,,,,,,,,,,,,,,,,,,,,,,,,,,,,,,,,,,,0.2
wataru-kamijo-ef4d5b,Wataru Kamijo,19.0,Australia,178.0,,MF,Sydney FC,A-League Men,8,439,54.9,0,0,,,,,,,,,,,,,,,,,,,,,,,,,,,,,,,,,,,,,,,,,,,,,,,,,,,,,,,,0.175
alex-grant-836008,Alex Grant,31.0,Australia,180.0,Left,DF,Sydney FC,A-League Men,4,309,77.2,0,0,,,,,,,,,,,,,,,,,,,,,,,,,,,,,,,,,,,,,,,,,,,,,,,,,,,,,,,,0.45
jaiden-kucharski-786e88,Jaiden Kucharski,23.0,Australia,180.0,,DF,Sydney FC,A-League Men,24,479,20.0,3,1,0.56,0.19,,,,,,,,,,,,,,,,,,,,,,,,,,,,,,,,,,,,,,,,,,,,,,,,,,,,,,0.4
aaron-gurd-81a837,Aaron Gurd,24.0,Australia,188.0,,DF,Sydney FC,A-League Men,6,297,49.5,0,0,,,,,,,,,,,,,,,,,,,,,,,,,,,,,,,,,,,,,,,,,,,,,,,,,,,,,,,,0.175
kyle-shaw-bd92ce,Kyle Shaw,,Australia,196.0,,DF,Sydney FC,A-League Men,3,210,70.0,0,0,,,,,,,,,,,,,,,,,,,,,,,,,,,,,,,,,,,,,,,,,,,,,,,,,,,,,,,,0.1
max-burgess-449a1e,Max Burgess,30.0,Australia,185.0,,MF,Sydney FC,A-League Men,3,171,57.0,0,0,,,,,,,,,,,,,,,,,,,,,,,,,,,,,,,,,,,,,,,,,,,,,,,,,,,,,,,,0.25
patrick-wood-3a1d12,Patrick Wood,23.0,Australia,178.0,,FW,Sydney FC,A-League Men,9,156,17.3,1,2,0.58,1.15,,,,,,,,,,,,,,,,,,,,,,,,,,,,,,,,,,,,,,,,,,,,,,,,,,,,,,0.3
tiago-quintal-8b58e7,Tiago Quintal,19.0,Australia,172.0,,FW,Sydney FC,A-League Men,17,169,9.9,1,0,0.53,,,,,,,,,,,,,,,,,,,,,,,,,,,,,,,,,,,,,,,,,,,,,,,,,,,,,,,0.2
jaushua-sotirio-375044,Jaushua Sotirio,,Australia,175.0,,FW-MF,Sydney FC,A-League Men,2,49,24.5,0,0,,,,,,,,,,,,,,,,,,,,,,,,,,,,,,,,,,,,,,,,,,,,,,,,,,,,,,,,0.15
will-kennedy-37048f,Will Kennedy,20.0,Australia,186.0,,DF,Sydney FC,A-League Men,2,44,22.0,0,0,,,,,,,,,,,,,,,,,,,,,,,,,,,,,,,,,,,,,,,,,,,,,,,,,,,,,,,,0.075
nathan-amanatidis-38a6c1,Nathan Amanatidis,19.0,Australia,181.0,,FW,Sydney FC,A-League Men,2,29,14.5,0,0,,,,,,,,,,,,,,,,,,,,,,,,,,,,,,,,,,,,,,,,,,,,,,,,,,,,,,,,0.2
marin-france-cdf109,Marin France,18.0,Australia,175.0,,MF,Sydney FC,A-League Men,0,0,,0,0,,,,,,,,,,,,,,,,,,,,,,,,,,,,,,,,,,,,,,,,,,,,,,,,,,,,,,,,0.05
gus-hoefsloot-342c97,Gus Hoefsloot,19.0,Australia,191.0,,GK,Sydney FC,A-League Men,0,0,,0,0,,,,,,,,,,,,,,,,,,,,,,,,,,,,,,,,,,,,,,,,,,,,,,,,,,,,,,,,0.05
joseph-lacey-3dd744,Joseph Lacey,18.0,Australia,178.0,,FW,Sydney FC,A-League Men,0,0,,0,0,,,,,,,,,,,,,,,,,,,,,,,,,,,,,,,,,,,,,,,,,,,,,,,,,,,,,,,,0.05
mathias-macallister-e1e492,Mathias Macallister,18.0,Australia,,,FW,Sydney FC,A-League Men,0,0,,0,0,,,,,,,,,,,,,,,,,,,,,,,,,,,,,,,,,,,,,,,,,,,,,,,,,,,,,,,,
luke-brattan-b3ae38,Luke Brattan,35.0,Australia,183.0,Right,MF,Macarthur FC,A-League Men,26,2306,88.7,2,2,0.08,0.08,,,,,,,,,,,,,,,,,,,,,,,,,,,,,,,,,,,,,,,,,,,,,,,,,,,,,,0.375
filip-kurto-a2736b,Filip Kurto,34.0,Poland,191.0,Right,GK,Macarthur FC,A-League Men,25,2250,90.0,0,0,,,,,,,,,,,,,,,,,,,,,,,,,,,,,,,,,,,,,,,,,,,,,,,,,,,,,,,,0.375
kealey-adamson-919d9d,Kealey Adamson,22.0,Australia,185.0,,DF,Macarthur FC,A-League Men,26,2170,83.5,2,3,0.08,0.12,,,,,,,,,,,,,,,,,,,,,,,,,,,,,,,,,,,,,,,,,,,,,,,,,,,,,,0.45
marin-jakolis-93426c,Marin Jakoliš,28.0,Croatia,184.0,Right,FW-MF,Macarthur FC,A-League Men,26,2157,83.0,10,12,0.42,0.5,0.0,0.03,0.15,0.18,0.03,0.9,0.3,33.3,13.1,2.09,0.0,0.9,16.74,65.1,0.9,0.3,3.29,7.77,2.69,0.3,33.3,22.43,1.5,32.29,15.85,2.69,25.12,0.0,0.3,0.3,4.78,0.0,,0.0,0.0,1.2,,,,,,,,,,,,,,,,,,1.0
jake-hollmann-ebd146,Jake Hollmann,24.0,Australia,170.0,,MF,Macarthur FC,A-League Men,25,1783,71.3,5,2,0.25,0.1,,,,,,,,,,,,,,,,,,,,,,,,,,,,,,,,,,,,,,,,,,,,,,,,,,,,,,
tomislav-uskok-2e1d46,Tomislav Uskok,34.0,Australia,196.0,,DF,Macarthur FC,A-League Men,21,1752,83.4,3,0,0.15,,,,,,,,,,,,,,,,,,,,,,,,,,,,,,,,,,,,,,,,,,,,,,,,,,,,,,,0.225
ivan-vujica-2e8c4c,Ivan Vujica,,Australia,180.0,,DF,Macarthur FC,A-League Men,24,1673,69.7,0,2,,0.11,,,,,,,,,,,,,,,,,,,,,,,,,,,,,,,,,,,,,,,,,,,,,,,,,,,,,,0.3
valere-germain-eded1b,Valère Germain,35.0,France,180.0,Right,FW-MF,Macarthur FC,A-League Men,17,1509,88.8,7,1,0.42,0.06,0.26,0.33,0.08,0.41,0.33,2.49,0.78,31.6,12.7,1.83,0.39,0.78,19.23,68.7,1.7,0.78,1.96,6.02,0.78,0.13,50.0,23.94,0.92,40.94,17.66,4.58,26.42,1.7,0.78,1.05,2.49,4.19,43.2,0.13,0.13,1.31,,,,,,,,,,,,,,,,,,0.65
liam-rose-1ddab1,Liam Rose,28.0,Australia,175.0,,DF-MF,Macarthur FC,A-League Men,20,949,47.5,0,0,,,,,,,,,,,,,,,,,,,,,,,,,,,,,,,,,,,,,,,,,,,,,,,,,,,,,,,,
jed-drew-bfb5ee,Jed Drew,22.0,Australia,176.0,,MF,Macarthur FC,A-League Men,13,869,66.8,6,7,0.62,0.72,,,,,,,,,,,,,,,,,,,,,,,,,,,,,,,,,,,,,,,,,,,,,,,,,,,,,,0.55
walter-scott-ea2959,Walter Scott,26.0,Australia,176.0,,DF,Macarthur FC,A-League Men,22,1071,48.7,0,0,,,,,,,,,,,,,,,,,,,,,,,,,,,,,,,,,,,,,,,,,,,,,,,,,,,,,,,,0.25
chris-ikonomidis-fb6ac7,Chris Ikonomidis,30.0,Australia,178.0,Right,FW-MF,Macarthur FC,A-League Men,12,656,54.7,2,0,0.27,,,,,,,,,,,,,,,,,,,,,,,,,,,,,,,,,,,,,,,,,,,,,,,,,,,,,,,0.3
matthew-jurman-df8ed8,Matthew Jurman,35.0,Australia,190.0,Left,DF,Macarthur FC,A-League Men,14,938,67.0,0,0,,,,,,,,,,,,,,,,,,,,,,,,,,,,,,,,,,,,,,,,,,,,,,,,,,,,,,,,0.15
kevin-boli-d922af,Kévin Boli,27.0,France,184.0,Right,DF,Macarthur FC,A-League Men,9,737,81.9,1,0,0.12,0.0,0.0,0.14,0.0,0.14,0.14,0.53,0.0,0.0,8.9,0.18,0.0,0.0,23.81,82.9,0.18,0.0,1.23,0.0,0.0,0.0,,14.88,0.0,39.4,0.53,0.53,18.74,0.35,1.93,0.53,3.33,2.63,62.5,0.18,0.0,0.53,,,,,,,,,,,,,,,,,,0.25
dino-arslanagic-aa3756,Dino Arslanagic,32.0,Belgium,188.0,Right,DF,Macarthur FC,A-League Men,9,729,81.0,0,0,0.0,0.0,0.0,0.1,0.0,0.1,0.1,1.0,0.0,0.0,9.4,0.0,0.0,0.0,31.5,81.8,1.5,0.5,1.5,0.0,1.0,0.5,100.0,23.5,0.0,48.0,3.0,1.5,26.0,1.0,2.0,1.0,5.5,3.5,50.0,0.0,0.0,2.0,,,,,,,,,,,,,,,,,,0.2
oliver-jones-ace368,Oliver Jones,22.0,Australia,193.0,,MF,Macarthur FC,A-League Men,8,720,90.0,0,0,,,,,,,,,,,,,,,,,,,,,,,,,,,,,,,,,,,,,,,,,,,,,,,,,,,,,,,,
frans-deli-992b08,Frans Deli,20.0,Australia,168.0,,MF,Macarthur FC,A-League Men,11,456,41.5,0,0,,,,,,,,,,,,,,,,,,,,,,,,,,,,,,,,,,,,,,,,,,,,,,,,,,,,,,,,0.2
daniel-de-silva-1ea12d,Daniel De Silva,,Australia,178.0,Right,MF,Macarthur FC,A-League Men,18,612,34.0,2,2,0.29,0.29,,,,,,,,,,,,,,,,,,,,,,,,,,,,,,,,,,,,,,,,,,,,,,,,,,,,,,0.25
harry-sawyer-26ad39,Harry Sawyer,28.0,Australia,195.0,,FW,Macarthur FC,A-League Men,16,539,33.7,4,1,0.67,0.17,,,,,,,,,,,,,,,,,,,,,,,,,,,,,,,,,,,,,,,,,,,,,,,,,,,,,,0.2
ariath-piol-a3d5ec,Ariath Piol,21.0,Australia,176.0,,FW,Macarthur FC,A-League Men,9,416,46.2,3,1,0.65,0.22,0.1,0.16,0.03,0.19,0.16,1.3,0.2,15.4,18.8,1.69,0.2,0.7,11.46,77.7,0.4,0.2,1.0,4.88,0.6,0.4,28.6,15.95,0.6,24.62,11.66,2.79,19.04,0.3,0.2,0.7,1.3,1.2,30.8,0.0,0.1,1.1,,,,,,,,,,,,,,,,,,0.5
bernardo-oliveira-326758,Bernardo Oliveira,21.0,Australia,171.0,,FW,Macarthur FC,A-League Men,9,245,27.2,1,0,0.37,,,,,,,,,,,,,,,,,,,,,,,,,,,,,,,,,,,,,,,,,,,,,,,,,,,,,,,0.75
saif-eddine-khaoui-b0444a,Saîf-Eddine Khaoui,30.0,Tunisia,180.0,Left,FW-MF,Macarthur FC,A-League Men,5,215,43.0,0,3,0.31,1.26,0.31,0.23,0.17,0.4,0.23,2.09,0.98,46.8,21.5,3.29,0.27,1.69,21.58,68.2,2.22,0.62,3.2,3.91,1.02,1.07,46.2,29.53,1.24,42.76,14.65,2.13,26.29,2.09,1.47,0.75,5.46,0.53,50.0,0.18,0.0,1.11,,,,,,,,,,,,,,,,,,0.75
yianni-nicolaou-d83bf1,Yianni Nicolaou,,Australia,183.0,,DF,Macarthur FC,A-League Men,6,205,34.2,0,0,,,,,,,,,,,,,,,,,,,,,,,,,,,,,,,,,,,,,,,,,,,,,,,,,,,,,,,,
dean-bosnjak-f373b7,Dean Bosnjak,19.0,Australia,186.0,,FW,Macarthur FC,A-League Men,15,361,24.1,1,0,0.25,,,,,,,,,,,,,,,,,,,,,,,,,,,,,,,,,,,,,,,,,,,,,,,,,,,,,,,0.175
joshua-damevski-1d62e2,Joshua Damevski,20.0,Australia,181.0,,DF,Macarthur FC,A-League Men,4,124,31.0,0,0,,,,,,,,,,,,,,,,,,,,,,,,,,,,,,,,,,,,,,,,,,,,,,,,,,,,,,,,0.1
alex-robinson-1b8cdd,Alex Robinson,20.0,Australia,187.0,,GK,Macarthur FC,A-League Men,1,90,90.0,0,0,,,,,,,,,,,,,,,,,,,,,,,,,,,,,,,,,,,,,,,,,,,,,,,,,,,,,,,,0.05
peter-makrillos-472cf4,Peter Makrillos,30.0,Australia,186.0,Both,MF,Macarthur FC,A-League Men,7,122,17.4,0,1,,0.74,,,,,,,,,,,,,,,,,,,,,,,,,,,,,,,,,,,,,,,,,,,,,,,,,,,,,,0.25
oliver-randazzo-10f35f,Oliver Randazzo,19.0,Australia,182.0,,MF,Macarthur FC,A-League Men,4,85,21.2,0,0,,,,,,,,,,,,,,,,,,,,,,,,,,,,,,,,,,,,,,,,,,,,,,,,,,,,,,,,0.05
franklin-jan-0cdaf4,Franklin Jan,,,189.0,,GK,Macarthur FC,A-League Men,0,0,,0,0,,,,,,,,,,,,,,,,,,,,,,,,,,,,,,,,,,,,,,,,,,,,,,,,,,,,,,,,
henrique-oliveira-554df6,Henrique Oliveira,16.0,Australia,178.0,,MF,Macarthur FC,A-League Men,0,0,,0,0,,,,,,,,,,,,,,,,,,,,,,,,,,,,,,,,,,,,,,,,,,,,,,,,,,,,,,,,15.0
ante-vojvodic-49bd87,Ante Vojvodic,20.0,Australia,179.0,,MF,Macarthur FC,A-League Men,0,0,,0,0,,,,,,,,,,,,,,,,,,,,,,,,,,,,,,,,,,,,,,,,,,,,,,,,,,,,,,,,
thomas-aquilina-8ff222,Thomas Aquilina,24.0,Australia,178.0,,DF-MF,Newcastle,A-League Men,26,2301,88.5,2,6,0.08,0.23,,,,,,,,,,,,,,,,,,,,,,,,,,,,,,,,,,,,,,,,,,,,,,,,,,,,,,0.4
kostandinos-grozos-1f3c05,Kostandinos Grozos,25.0,Australia,178.0,,MF,Newcastle,A-League Men,24,2088,87.0,2,0,0.09,,,,,,,,,,,,,,,,,,,,,,,,,,,,,,,,,,,,,,,,,,,,,,,,,,,,,,,0.5
eli-adams-ec4781,Eli Adams,23.0,Australia,175.0,,MF,Newcastle,A-League Men,24,1941,80.9,9,1,0.42,0.05,,,,,,,,,,,,,,,,,,,,,,,,,,,,,,,,,,,,,,,,,,,,,,,,,,,,,,0.4
daniel-wilmering-a02aac,Daniel Wilmering,24.0,Australia,178.0,,DF-MF,Newcastle,A-League Men,26,2091,80.4,1,1,0.04,0.04,,,,,,,,,,,,,,,,,,,,,,,,,,,,,,,,,,,,,,,,,,,,,,,,,,,,,,0.35
callum-timmins-f3d0ed,Callum Timmins,25.0,Australia,182.0,,MF,Newcastle,A-League Men,25,2069,82.8,0,2,,0.09,,,,,,,,,,,,,,,,,,,,,,,,,,,,,,,,,,,,,,,,,,,,,,,,,,,,,,0.4
mark-natta-1a76d7,Mark Natta,23.0,Australia,164.0,,DF,Newcastle,A-League Men,22,1820,82.7,1,1,0.05,0.05,,,,,,,,,,,,,,,,,,,,,,,,,,,,,,,,,,,,,,,,,,,,,,,,,,,,,,0.35
clayton-taylor-5b72d6,Clayton Taylor,21.0,Australia,175.0,,MF,Newcastle,A-League Men,26,1759,67.7,7,6,0.36,0.31,,,,,,,,,,,,,,,,,,,,,,,,,,,,,,,,,,,,,,,,,,,,,,,,,,,,,,0.4
lachlan-bayliss-95e200,Lachlan Bayliss,23.0,Australia,179.0,Right,MF,Newcastle,A-League Men,26,1760,67.7,1,2,0.05,0.1,,,,,,,,,,,,,,,,,,,,,,,,,,,,,,,,,,,,,,,,,,,,,,,,,,,,,,0.35
ryan-scott-c9c7cf,Ryan Scott,,Australia,,,GK,Newcastle,A-League Men,19,1710,90.0,0,0,,,,,,,,,,,,,,,,,,,,,,,,,,,,,,,,,,,,,,,,,,,,,,,,,,,,,,,,0.25
phillip-cancar-2baf07,Phillip Čančar,24.0,Croatia,186.0,Right,DF,Newcastle,A-League Men,18,1171,65.1,0,0,,,,,,,,,,,,,,,,,,,,,,,,,,,,,,,,,,,,,,,,,,,,,,,,,,,,,,,,0.35
aleksandar-susnjar-0ec646,Aleksandar Šušnjar,30.0,Australia,190.0,Right,DF,Newcastle,A-League Men,16,1240,77.5,1,0,0.07,,,,,,,,,,,,,,,,,,,,,,,,,,,,,,,,,,,,,,,,,,,,,,,,,,,,,,,0.3
lachlan-rose-778138,Lachlan Rose,26.0,Australia,170.0,,FW,Newcastle,A-League Men,18,1160,64.4,8,1,0.62,0.08,,,,,,,,,,,,,,,,,,,,,,,,,,,,,,,,,,,,,,,,,,,,,,,,,,,,,,0.35
ben-gibson-0f0a5c,Ben Gibson,22.0,Australia,184.0,Right,FW,Newcastle,A-League Men,22,988,44.9,4,5,0.36,0.46,,,,,,,,,,,,,,,,,,,,,,,,,,,,,,,,,,,,,,,,,,,,,,,,,,,,,,0.8
kota-mizunuma-b8bc86,Kota Mizunuma,35.0,Japan,176.0,,FW-MF,Newcastle,A-League Men,12,831,69.2,2,4,0.22,0.43,,,,,,,,,,,,,,,,,,,,,,,,,,,,,,,,,,,,,,,,,,,,,,,,,,,,,,0.3
dane-ingham-98d098,Dane Ingham,26.0,New Zealand,186.0,Right,DF,Newcastle,A-League Men,13,715,55.0,0,0,,,,,,,,,,,,,,,,,,,,,,,,,,,,,,,,,,,,,,,,,,,,,,,,,,,,,,,,0.4
noah-james-8142de,Noah James,24.0,Australia,175.0,,GK,Newcastle,A-League Men,7,630,90.0,0,0,,,,,,,,,,,,,,,,,,,,,,,,,,,,,,,,,,,,,,,,,,,,,,,,,,,,,,,,1.5
charles-mmombwa-6af33c,Charles M'Mombwa,27.0,Tanzania,173.0,,MF,Newcastle,A-League Men,13,502,38.6,1,1,0.18,0.18,,,,,,,,,,,,,,,,,,,,,,,,,,,,,,,,,,,,,,,,,,,,,,,,,,,,,,0.35
wellissol-ec3a1c,Wellissol,27.0,Brazil,182.0,,FW,Newcastle,A-League Men,15,338,22.5,0,0,,,,,,,,,,,,,,,,,,,,,,,,,,,,,,,,,,,,,,,,,,,,,,,,,,,,,,,,0.1
matthew-scarcella-1456ed,Matthew Scarcella,21.0,Australia,177.0,,MF,Newcastle,A-League Men,13,238,18.3,0,0,,,,,,,,,,,,,,,,,,,,,,,,,,,,,,,,,,,,,,,,,,,,,,,,,,,,,,,,0.125
will-dobson-26ec94,Will Dobson,18.0,Australia,170.0,,MF,Newcastle,A-League Men,12,191,15.9,0,1,,0.47,,,,,,,,,,,,,,,,,,,,,,,,,,,,,,,,,,,,,,,,,,,,,,,,,,,,,,0.125
justin-vidic-1be8a3,Justin Vidic,21.0,Australia,187.0,,FW,Newcastle,A-League Men,8,142,17.8,0,0,,,,,,,,,,,,,,,,,,,,,,,,,,,,,,,,,,,,,,,,,,,,,,,,,,,,,,,,0.1
nathan-grimaldi-7a45bc,Nathan Grimaldi,,Australia,191.0,,DF,Newcastle,A-League Men,1,45,45.0,0,0,,,,,,,,,,,,,,,,,,,,,,,,,,,,,,,,,,,,,,,,,,,,,,,,,,,,,,,,
christian-bracco-a8ed86,Christian Bracco,,,177.0,,FW,Newcastle,A-League Men,2,9,4.5,0,0,,,,,,,,,,,,,,,,,,,,,,,,,,,,,,,,,,,,,,,,,,,,,,,,,,,,,,,,
garang-arou-39db49,Garang Arou,,Australia,189.0,,DF,Newcastle,A-League Men,1,1,1.0,0,0,,,,,,,,,,,,,,,,,,,,,,,,,,,,,,,,,,,,,,,,,,,,,,,,,,,,,,,,
jordan-baylis-40dacb,Jordan Baylis,20.0,Australia,,,GK,Newcastle,A-League Men,0,0,,0,0,,,,,,,,,,,,,,,,,,,,,,,,,,,,,,,,,,,,,,,,,,,,,,,,,,,,,,,,
ben-van-dorssen-146833,Ben Van Dorssen,20.0,Australia,183.0,,DF,Newcastle,A-League Men,0,0,,0,0,,,,,,,,,,,,,,,,,,,,,,,,,,,,,,,,,,,,,,,,,,,,,,,,,,,,,,,,
brian-kaltack-94b61a,Brian Kaltack,32.0,Vanuatu,179.0,,DF,Central Coast,A-League Men,26,2340,90.0,1,0,0.04,,,,,,,,,,,,,,,,,,,,,,,,,,,,,,,,,,,,,,,,,,,,,,,,,,,,,,,0.45
mikael-doka-89f7c0,Mikael Doka,25.0,Brazil,170.0,Right,MF,Central Coast,A-League Men,26,2267,87.2,3,7,0.12,0.28,,,,,,,,,,,,,,,,,,,,,,,,,,,,,,,,,,,,,,,,,,,,,,,,,,,,,,0.55
dylan-peraic-cullen-32f385,Dylan Peraic-Cullen,19.0,Australia,196.0,,GK,Central Coast,A-League Men,25,2250,90.0,0,0,,,,,,,,,,,,,,,,,,,,,,,,,,,,,,,,,,,,,,,,,,,,,,,,,,,,,,,,0.45
harrison-steele-1298c6,Harrison Steele,23.0,Australia,170.0,,MF,Central Coast,A-League Men,25,1999,80.0,2,1,0.09,0.05,,,,,,,,,,,,,,,,,,,,,,,,,,,,,,,,,,,,,,,,,,,,,,,,,,,,,,0.35
nathan-paull-09fb06,Nathan Paull,22.0,Australia,185.0,,DF,Central Coast,A-League Men,23,1969,85.6,2,1,0.09,0.05,,,,,,,,,,,,,,,,,,,,,,,,,,,,,,,,,,,,,,,,,,,,,,,,,,,,,,0.375
alou-kuol-9eb98e,Alou Kuol,25.0,Australia,175.0,Right,FW,Central Coast,A-League Men,25,1668,66.7,4,0,0.22,,,,,,,,,,,,,,,,,,,,,,,,,,,,,,,,,,,,,,,,,,,,,,,,,,,,,,,0.35
alfie-mccalmont-f4d36c,Alfie McCalmont,25.0,Northern Ireland,167.0,,MF,Central Coast,A-League Men,21,1703,81.1,1,1,0.05,0.05,,,,,,,,,,,,,,,,,,,,,,,,,,,,,,,,,,,,,,,,,,,,,,,,,,,,,,0.3
lucas-mauragis-d9acee,Lucas Mauragis,24.0,Australia,181.0,,DF,Central Coast,A-League Men,18,1514,84.1,0,1,,0.06,,,,,,,,,,,,,,,,,,,,,,,,,,,,,,,,,,,,,,,,,,,,,,,,,,,,,,0.4
storm-roux-da8419,Storm Roux,32.0,New Zealand,181.0,Right,DF,Central Coast,A-League Men,22,1391,63.2,0,2,,0.13,,,,,,,,,,,,,,,,,,,,,,,,,,,,,,,,,,,,,,,,,,,,,,,,,,,,,,0.275
trent-sainsbury-b96b83,Trent Sainsbury,33.0,Australia,178.0,Right,DF,Central Coast,A-League Men,16,1238,77.4,1,1,0.07,0.07,0.11,0.05,0.01,0.07,0.08,0.51,0.15,28.6,14.5,0.65,0.07,0.18,37.16,77.1,3.2,0.15,2.07,0.18,0.33,0.04,50.0,28.36,0.33,58.76,1.71,0.76,30.58,1.24,1.75,1.64,6.98,2.29,58.9,0.25,0.0,0.69,,,,,,,,,,,,,,,,,,0.4
christian-theoharous-e791a8,Christian Theoharous,25.0,Australia,176.0,,FW-MF,Central Coast,A-League Men,20,1052,52.6,1,1,0.09,0.09,,,,,,,,,,,,,,,,,,,,,,,,,,,,,,,,,,,,,,,,,,,,,,,,,,,,,,0.3
haine-eames-c3e842,Haine Eames,17.0,Australia,181.0,,MF,Central Coast,A-League Men,20,1098,54.9,2,2,0.16,0.16,,,,,,,,,,,,,,,,,,,,,,,,,,,,,,,,,,,,,,,,,,,,,,,,,,,,,,0.35
vitor-feijao-75c8d0,Vitor Feijão,29.0,Brazil,169.0,Right,FW-MF,Central Coast,A-League Men,19,710,37.4,1,1,0.13,0.13,,,,,,,,,,,,,,,,,,,,,,,,,,,,,,,,,,,,,,,,,,,,,,,,,,,,,,
sasha-kuzevski-e890ab,Sasha Kuzevski,24.0,Australia,175.0,Right,MF,Central Coast,A-League Men,15,664,44.3,0,0,,,,,,,,,,,,,,,,,,,,,,,,,,,,,,,,,,,,,,,,,,,,,,,,,,,,,,,,0.1
ryan-edmondson-0dd51e,Ryan Edmondson,24.0,England,188.0,Right,FW,Central Coast,A-League Men,11,543,49.4,2,0,0.33,,,,,,,,,,,,,,,,,,,,,,,,,,,,,,,,,,,,,,,,,,,,,,,,,,,,,,,0.275
arthur-de-lima-c88d61,Arthur de Lima,18.0,Australia,,,MF,Central Coast,A-League Men,9,478,53.1,3,0,0.56,,,,,,,,,,,,,,,,,,,,,,,,,,,,,,,,,,,,,,,,,,,,,,,,,,,,,,,
bailey-brandtman-2235a3,Bailey Brandtman,20.0,Australia,188.0,,FW,Central Coast,A-League Men,13,491,37.8,0,1,,0.18,,,,,,,,,,,,,,,,,,,,,,,,,,,,,,,,,,,,,,,,,,,,,,,,,,,,,,0.15
miguel-di-pizio-24976a,Miguel Di Pizio,19.0,Australia,171.0,,MF,Central Coast,A-League Men,10,424,42.4,0,0,,,,,,,,,,,,,,,,,,,,,,,,,,,,,,,,,,,,,,,,,,,,,,,,,,,,,,,,0.25
diesel-herrington-5006c6,Diesel Herrington,21.0,Australia,188.0,,DF,Central Coast,A-League Men,11,370,33.6,0,0,,,,,,,,,,,,,,,,,,,,,,,,,,,,,,,,,,,,,,,,,,,,,,,,,,,,,,,,0.175
bradley-tapp-7359f8,Bradley Tapp,24.0,Australia,178.0,,MF,Central Coast,A-League Men,3,216,72.0,0,0,,,,,,,,,,,,,,,,,,,,,,,,,,,,,,,,,,,,,,,,,,,,,,,,,,,,,,,,0.25
abdelelah-faisal-e36e8f,Abdelelah Faisal,20.0,Australia,178.0,,FW,Central Coast,A-League Men,11,352,32.0,1,0,0.26,,,,,,,,,,,,,,,,,,,,,,,,,,,,,,,,,,,,,,,,,,,,,,,,,,,,,,,0.15
noah-smith-9ac9af,Noah Smith,,Australia,185.0,,DF,Central Coast,A-League Men,3,159,53.0,0,0,,,,,,,,,,,,,,,,,,,,,,,,,,,,,,,,,,,,,,,,,,,,,,,,,,,,,,,,
william-lenkupae-ee6aab,William Lenkupae,23.0,Kenya,180.0,,FW,Central Coast,A-League Men,5,118,23.6,0,0,,,,,,,,,,,,,,,,,,,,,,,,,,,,,,,,,,,,,,,,,,,,,,,,,,,,,,,,0.15
adam-pavlesic-ea7089,Adam Pavlešić,23.0,Australia,188.0,,GK,Central Coast,A-League Men,1,90,90.0,0,0,,,,,,,,,,,,,,,,,,,,,,,,,,,,,,,,,,,,,,,,,,,,,,,,,,,,,,,,0.1
nicholas-duarte-996e7c,Nicholas Duarte,21.0,Australia,177.0,,MF,Central Coast,A-League Men,10,271,27.1,1,0,0.33,,,,,,,,,,,,,,,,,,,,,,,,,,,,,,,,,,,,,,,,,,,,,,,,,,,,,,,0.125
sebit-ngor-6eb9b0,Sebit Ngor,24.0,Australia,,,FW,Central Coast,A-League Men,9,266,29.6,1,0,0.34,,,,,,,,,,,,,,,,,,,,,,,,,,,,,,,,,,,,,,,,,,,,,,,,,,,,,,,
lucas-scicluna-19c71f,Lucas Scicluna,20.0,Malta,175.0,,MF,Central Coast,A-League Men,4,47,11.8,0,0,,,,,,,,,,,,,,,,,,,,,,,,,,,,,,,,,,,,,,,,,,,,,,,,,,,,,,,,0.05
michael-paragalli-45556f,Michael Paragalli,,Australia,,,DF,Central Coast,A-League Men,0,0,,0,0,,,,,,,,,,,,,,,,,,,,,,,,,,,,,,,,,,,,,,,,,,,,,,,,,,,,,,,,
jack-warshawsky-a686fa,Jack Warshawsky,21.0,Australia,185.0,,GK,Central Coast,A-League Men,0,0,,0,0,,,,,,,,,,,,,,,,,,,,,,,,,,,,,,,,,,,,,,,,,,,,,,,,,,,,,,,,0.05
kosta-barbarouses-aa46c9,Kosta Barbarouses,35.0,New Zealand,171.0,Both,FW-MF,Wellington,A-League Men,26,2315,89.0,10,1,0.39,0.04,,,,,,,,,,,,,,,,,,,,,,,,,,,,,,,,,,,,,,,,,,,,,,,,,,,,,,0.35
scott-wootton-0c05cf,Scott Wootton,34.0,England,188.0,Right,DF,Wellington,A-League Men,25,2250,90.0,1,1,0.04,0.04,,,,,,,,,,,,,,,,,,,,,,,,,,,,,,,,,,,,,,,,,,,,,,,,,,,,,,0.25
isaac-hughes-02e515,Isaac Hughes,21.0,New Zealand,183.0,,DF,Wellington,A-League Men,24,2120,88.3,2,1,0.08,0.04,,,,,,,,,,,,,,,,,,,,,,,,,,,,,,,,,,,,,,,,,,,,,,,,,,,,,,0.35
sam-sutton-4756bf,Sam Sutton,23.0,New Zealand,175.0,,DF,Wellington,A-League Men,23,1887,82.0,1,1,0.05,0.05,,,,,,,,,,,,,,,,,,,,,,,,,,,,,,,,,,,,,,,,,,,,,,,,,,,,,,0.35
hideki-ishige-5c60ef,Hideki Ishige,31.0,Japan,170.0,,MF,Wellington,A-League Men,26,1827,70.3,2,8,0.1,0.39,,,,,,,,,,,,,,,,,,,,,,,,,,,,,,,,,,,,,,,,,,,,,,,,,,,,,,0.35
matthew-sheridan-6f5a40,Matthew Sheridan,21.0,New Zealand,181.0,,MF,Wellington,A-League Men,25,1868,74.7,0,0,,,,,,,,,,,,,,,,,,,,,,,,,,,,,,,,,,,,,,,,,,,,,,,,,,,,,,,,0.35
tim-payne-50ca1e,Tim Payne,31.0,New Zealand,179.0,Left,DF-FW-MF,Wellington,A-League Men,20,1695,84.8,1,3,0.05,0.16,,,,,,,,,,,,,,,,,,,,,,,,,,,,,,,,,,,,,,,,,,,,,,,,,,,,,,0.45
josh-oluwayemi-365819,Josh Oluwayemi,24.0,Nigeria,185.0,,GK,Wellington,A-League Men,18,1620,90.0,0,0,,,,,,,,,,,,,,,,,,,,,,,,,,,,,,,,,,,,,,,,,,,,,,,,,,,,,,,,0.3
kazuki-nagasawa-f388aa,Kazuki Nagasawa,33.0,Japan,173.0,Right,MF,Wellington,A-League Men,24,1398,58.2,2,3,0.13,0.19,,,,,,,,,,,,,,,,,,,,,,,,,,,,,,,,,,,,,,,,,,,,,,,,,,,,,,0.2
alex-rufer-c2eafd,Alex Rufer,29.0,New Zealand,184.0,Right,MF,Wellington,A-League Men,19,1542,81.2,0,1,,0.06,,,,,,,,,,,,,,,,,,,,,,,,,,,,,,,,,,,,,,,,,,,,,,,,,,,,,,0.6
paulo-retre-aa73df,Paulo Retre,32.0,Australia,178.0,,DF-MF,Wellington,A-League Men,20,1273,63.6,2,0,0.14,,,,,,,,,,,,,,,,,,,,,,,,,,,,,,,,,,,,,,,,,,,,,,,,,,,,,,,0.3
lukas-kelly-heald-e685c4,Lukas Kelly-Heald,20.0,New Zealand,198.0,,DF,Wellington,A-League Men,16,941,58.8,0,0,,,,,,,,,,,,,,,,,,,,,,,,,,,,,,,,,,,,,,,,,,,,,,,,,,,,,,,,0.3
albert-kelly-heald-80b5c7,Albert Kelly-Heald,20.0,New Zealand,,,GK,Wellington,A-League Men,8,720,90.0,0,0,,,,,,,,,,,,,,,,,,,,,,,,,,,,,,,,,,,,,,,,,,,,,,,,,,,,,,,,
francisco-geraldes-7930ec,Francisco Geraldes,30.0,Portugal,175.0,Right,MF,Wellington,A-League Men,5,395,79.0,1,1,0.23,0.23,0.1,0.15,0.1,0.25,0.27,1.72,0.59,34.3,21.4,4.13,0.39,1.82,30.21,72.2,3.89,1.03,5.07,4.04,1.87,1.82,48.7,32.03,2.17,53.69,17.71,1.87,36.51,1.43,1.03,0.64,5.71,0.44,33.3,0.44,0.05,0.98,,,,,,,,,,,,,,,,,,0.55
nathan-walker-dba5a7,Nathan Walker,19.0,New Zealand,178.0,,FW,Wellington,A-League Men,23,771,33.5,1,0,0.12,,,,,,,,,,,,,,,,,,,,,,,,,,,,,,,,,,,,,,,,,,,,,,,,,,,,,,,
luke-brooke-smith-f80f90,Luke Brooke-Smith,17.0,New Zealand,173.0,Right,MF,Wellington,A-League Men,14,493,35.2,1,0,0.18,,,,,,,,,,,,,,,,,,,,,,,,,,,,,,,,,,,,,,,,,,,,,,,,,,,,,,,0.1
fin-conchie-37a2f6,Fin Conchie,22.0,New Zealand,,,MF,Wellington,A-League Men,9,336,37.3,0,0,,,,,,,,,,,,,,,,,,,,,,,,,,,,,,,,,,,,,,,,,,,,,,,,,,,,,,,,
marco-rojas-36151e,Marco Rojas,,New Zealand,168.0,Right,FW-MF,Wellington,A-League Men,7,218,31.1,0,2,,0.83,,,,,,,,,,,,,,,,,,,,,,,,,,,,,,,,,,,,,,,,,,,,,,,,,,,,,,
mohamed-al-taay-d6c7d7-1,Mohamed Al Taay,25.0,Iraq,,,MF,Wellington,A-League Men,9,238,26.4,0,0,,,,,,,,,,,,,,,,,,,,,,,,,,,,,,,,,,,,,,,,,,,,,,,,,,,,,,,,
oskar-van-hattum-e3f839,Oskar van Hattum,23.0,New Zealand,183.0,,FW,Wellington,A-League Men,4,127,31.8,0,0,,,,,,,,,,,,,,,,,,,,,,,,,,,,,,,,,,,,,,,,,,,,,,,,,,,,,,,,0.15
luke-supyk-2dd7cc,Luke Supyk,19.0,New Zealand,182.0,,FW,Wellington,A-League Men,6,93,15.5,0,0,,,,,,,,,,,,,,,,,,,,,,,,,,,,,,,,,,,,,,,,,,,,,,,,,,,,,,,,0.1
stefan-colakovski-8e750b,Stefan Colakovski,,North Macedonia,177.0,,FW,Wellington,A-League Men,6,143,23.8,0,0,,,,,,,,,,,,,,,,,,,,,,,,,,,,,,,,,,,,,,,,,,,,,,,,,,,,,,,,0.25
gabriel-sloane-rodrigues-ce0f92,Gabriel Sloane-Rodrigues,18.0,New Zealand,176.0,,FW,Wellington,A-League Men,1,27,27.0,0,0,,,,,,,,,,,,,,,,,,,,,,,,,,,,,,,,,,,,,,,,,,,,,,,,,,,,,,,,0.1
david-ball-6db0f2,David Ball,,England,184.0,Right,FW-MF,Wellington,A-League Men,1,19,19.0,0,0,,,,,,,,,,,,,,,,,,,,,,,,,,,,,,,,,,,,,,,,,,,,,,,,,,,,,,,,
jayden-smith-38c970,Jayden Smith,18.0,New Zealand,190.0,,DF,Wellington,A-League Men,1,4,4.0,0,0,,,,,,,,,,,,,,,,,,,,,,,,,,,,,,,,,,,,,,,,,,,,,,,,,,,,,,,,
lachlan-candy-4fa5ca,Lachlan Candy,20.0,New Zealand,,,MF,Wellington,A-League Men,1,2,2.0,0,0,,,,,,,,,,,,,,,,,,,,,,,,,,,,,,,,,,,,,,,,,,,,,,,,,,,,,,,,0.125
dublin-boon-44eb7e,Dublin Boon,20.0,New Zealand,189.0,,GK,Wellington,A-League Men,0,0,,0,0,,,,,,,,,,,,,,,,,,,,,,,,,,,,,,,,,,,,,,,,,,,,,,,,,,,,,,,,0.1
eamonn-mccarron-03b77e,Eamonn McCarron,18.0,New Zealand,194.0,,GK,Wellington,A-League Men,0,0,,0,0,,,,,,,,,,,,,,,,,,,,,,,,,,,,,,,,,,,,,,,,,,,,,,,,,,,,,,,,0.075
tze-xuan-loke-a056a9,Tze Xuan Loke,20.0,New Zealand,172.0,,FW,Wellington,A-League Men,0,0,,0,0,,,,,,,,,,,,,,,,,,,,,,,,,,,,,,,,,,,,,,,,,,,,,,,,,,,,,,,,
jay-oshea-11c39f,Jay O'Shea,37.0,Republic of Ireland,183.0,Right,MF,Brisbane,A-League Men,26,2340,90.0,3,6,0.12,0.23,,,,,,,,,,,,,,,,,,,,,,,,,,,,,,,,,,,,,,,,,,,,,,,,,,,,,,0.25
keegan-jelacic-ada4d5,Keegan Jelacic,23.0,New Zealand,177.0,,MF,Brisbane,A-League Men,24,1916,79.8,2,3,0.09,0.14,,,,,,,,,,,,,,,,,,,,,,,,,,,,,,,,,,,,,,,,,,,,,,,,,,,,,,0.35
antonee-burke-gilroy-c03d8d,Antonee Burke-Gilroy,28.0,Australia,170.0,,DF-MF,Brisbane,A-League Men,25,1866,74.6,0,1,,0.05,,,,,,,,,,,,,,,,,,,,,,,,,,,,,,,,,,,,,,,,,,,,,,,,,,,,,,0.3
hosine-bility-00b85f,Hosine Bility,24.0,Australia,187.0,,DF,Brisbane,A-League Men,23,1891,82.2,0,0,,,,,,,,,,,,,,,,,,,,,,,,,,,,,,,,,,,,,,,,,,,,,,,,,,,,,,,,0.25
ben-halloran-225d6f,Ben Halloran,33.0,Australia,180.0,Right,FW-MF,Brisbane,A-League Men,23,1455,63.3,2,2,0.12,0.12,,,,,,,,,,,,,,,,,,,,,,,,,,,,,,,,,,,,,,,,,,,,,,,,,,,,,,0.3
macklin-freke-c88bd2,Macklin Freke,26.0,Australia,193.0,,GK,Brisbane,A-League Men,16,1440,90.0,0,0,,,,,,,,,,,,,,,,,,,,,,,,,,,,,,,,,,,,,,,,,,,,,,,,,,,,,,,,0.25
samuel-klein-906a20,Samuel Klein,,Australia,,,MF,Brisbane,A-League Men,19,1424,74.9,5,0,0.32,,,,,,,,,,,,,,,,,,,,,,,,,,,,,,,,,,,,,,,,,,,,,,,,,,,,,,,
lucas-herrington-8777a5,Lucas Herrington,18.0,Australia,192.0,,DF,Brisbane,A-League Men,17,1375,80.9,1,0,0.07,,,,,,,,,,,,,,,,,,,,,,,,,,,,,,,,,,,,,,,,,,,,,,,,,,,,,,,0.4
louis-zabala-61d27a,Louis Zabala,24.0,Australia,175.0,,DF,Brisbane,A-League Men,21,1120,53.3,0,1,,0.08,,,,,,,,,,,,,,,,,,,,,,,,,,,,,,,,,,,,,,,,,,,,,,,,,,,,,,0.2
florin-berenguer-a7686f,Florin Berenguer,,France,182.0,Right,FW-MF,Brisbane,A-League Men,22,1065,48.4,2,2,0.17,0.17,,,,,,,,,,,,,,,,,,,,,,,,,,,,,,,,,,,,,,,,,,,,,,,,,,,,,,0.15
walid-shour-23ed6a,Walid Shour,29.0,Lebanon,185.0,,MF,Brisbane,A-League Men,20,1021,51.0,0,0,,,,,,,,,,,,,,,,,,,,,,,,,,,,,,,,,,,,,,,,,,,,,,,,,,,,,,,,0.3
jack-hingert-081884,Jack Hingert,,Sri Lanka,170.0,Right,DF-MF,Brisbane,A-League Men,20,1021,51.0,0,0,,,,,,,,,,,,,,,,,,,,,,,,,,,,,,,,,,,,,,,,,,,,,,,,,,,,,,,,
matt-acton-a1d463,Matt Acton,,Australia,184.0,Right,GK,Brisbane,A-League Men,10,900,90.0,0,0,,,,,,,,,,,,,,,,,,,,,,,,,,,,,,,,,,,,,,,,,,,,,,,,,,,,,,,,
thomas-waddingham-f88df2,Thomas Waddingham,20.0,Australia,185.0,,FW,Brisbane,A-League Men,11,878,79.8,4,1,0.41,0.1,,,,,,,,,,,,,,,,,,,,,,,,,,,,,,,,,,,,,,,,,,,,,,,,,,,,,,0.5
henry-hore-b0ce9b,Henry Hore,26.0,Australia,180.0,,MF,Brisbane,A-League Men,12,876,73.0,3,1,0.31,0.1,,,,,,,,,,,,,,,,,,,,,,,,,,,,,,,,,,,,,,,,,,,,,,,,,,,,,,0.4
asumah-abubakar-86e0c2,Asumah Abubakar,28.0,Portugal,183.0,Right,FW,Brisbane,A-League Men,11,789,71.7,4,2,0.46,0.23,,,,,,,,,,,,,,,,,,,,,,,,,,,,,,,,,,,,,,,,,,,,,,,,,,,,,,0.35
ben-warland-3b3194,Ben Warland,29.0,Australia,182.0,Left,DF,Brisbane,A-League Men,8,663,82.9,0,0,,,,,,,,,,,,,,,,,,,,,,,,,,,,,,,,,,,,,,,,,,,,,,,,,,,,,,,,0.35
harry-van-der-saag-65d143,Harry Van der Saag,,Australia,183.0,,DF,Brisbane,A-League Men,10,572,57.2,0,0,,,,,,,,,,,,,,,,,,,,,,,,,,,,,,,,,,,,,,,,,,,,,,,,,,,,,,,,
jacob-brazete-e492a5,Jacob Brazete,19.0,Australia,178.0,,FW,Brisbane,A-League Men,21,822,39.1,1,2,0.11,0.22,,,,,,,,,,,,,,,,,,,,,,,,,,,,,,,,,,,,,,,,,,,,,,,,,,,,,,0.275
adam-zimarino-894e21,Adam Zimarino,24.0,Australia,182.0,,MF,Brisbane,A-League Men,18,549,30.5,1,0,0.16,,,,,,,,,,,,,,,,,,,,,,,,,,,,,,,,,,,,,,,,,,,,,,,,,,,,,,,0.05
nathan-amanatidis-38a6c1-1,Nathan Amanatidis,19.0,Australia,181.0,,FW,Brisbane,A-League Men,10,352,35.2,0,0,,,,,,,,,,,,,,,,,,,,,,,,,,,,,,,,,,,,,,,,,,,,,,,,,,,,,,,,0.2
corey-brown-45b930,Corey Brown,31.0,Australia,174.0,Left,DF-MF,Brisbane,A-League Men,7,371,53.0,0,2,,0.49,,,,,,,,,,,,,,,,,,,,,,,,,,,,,,,,,,,,,,,,,,,,,,,,,,,,,,
austin-ludwik-a2c31f,Austin Ludwik,,,183.0,,DF,Brisbane,A-League Men,6,214,35.7,0,0,,,,,,,,,,,,,,,,,,,,,,,,,,,,,,,,,,,,,,,,,,,,,,,,,,,,,,,,0.05
rafael-struick-1e668d,Rafael Struick,22.0,Indonesia,187.0,,FW,Brisbane,A-League Men,10,246,24.6,1,0,0.37,,,,,,,,,,,,,,,,,,,,,,,,,,,,,,,,,,,,,,,,,,,,,,,,,,,,,,,0.15
scott-neville-70f0af,Scott Neville,,Australia,184.0,Right,DF,Brisbane,A-League Men,4,186,46.5,0,0,,,,,,,,,,,,,,,,,,,,,,,,,,,,,,,,,,,,,,,,,,,,,,,,,,,,,,,,
joe-caletti-f4ac7c,Joe Caletti,27.0,Australia,170.0,,MF,Brisbane,A-League Men,2,121,60.5,0,0,,,,,,,,,,,,,,,,,,,,,,,,,,,,,,,,,,,,,,,,,,,,,,,,,,,,,,,,
neicer-acosta-ad4c29,Néicer Acosta,22.0,Ecuador,174.0,,MF,Brisbane,A-League Men,5,126,25.2,0,0,,,,,,,,,,,,,,,,,,,,,,,,,,,,,,,,,,,,,,,,,,,,,,,,,,,,,,,,0.05
pearson-kasawaya-fb0f20,Pearson Kasawaya,19.0,Australia,181.0,Left,DF,Brisbane,A-League Men,4,83,20.8,0,0,,,,,,,,,,,,,,,,,,,,,,,,,,,,,,,,,,,,,,,,,,,,,,,,,,,,,,,,0.075
quinn-macnicol-736513,Quinn Macnicol,17.0,Australia,186.0,,MF,Brisbane,A-League Men,3,50,16.7,0,0,,,,,,,,,,,,,,,,,,,,,,,,,,,,,,,,,,,,,,,,,,,,,,,,,,,,,,,,0.05
ivan-ozzi-48bb42,Ivan Ozzi,,,188.0,,FW,Brisbane,A-League Men,1,5,5.0,0,0,,,,,,,,,,,,,,,,,,,,,,,,,,,,,,,,,,,,,,,,,,,,,,,,,,,,,,,,
james-durrington-8dd7e5,James Durrington,,Australia,173.0,,MF,Brisbane,A-League Men,1,1,1.0,0,0,,,,,,,,,,,,,,,,,,,,,,,,,,,,,,,,,,,,,,,,,,,,,,,,,,,,,,,,
adam-taggart-fa0844,Adam Taggart,32.0,Australia,183.0,,FW,Perth Glory,A-League Men,25,2194,87.8,10,4,0.41,0.16,,,,,,,,,,,,,,,,,,,,,,,,,,,,,,,,,,,,,,,,,,,,,,,,,,,,,,0.6
oliver-sail-7a2514,Oliver Sail,29.0,New Zealand,194.0,,GK,Perth Glory,A-League Men,20,1800,90.0,0,0,,,,,,,,,,,,,,,,,,,,,,,,,,,,,,,,,,,,,,,,,,,,,,,,,,,,,,,,
tomislav-mrcela-5bdc9d,Tomislav Mrčela,,Australia,193.0,,DF,Perth Glory,A-League Men,19,1710,90.0,0,0,,,,,,,,,,,,,,,,,,,,,,,,,,,,,,,,,,,,,,,,,,,,,,,,,,,,,,,,0.1
nicholas-pennington-405546,Nicholas Pennington,26.0,Australia,180.0,,MF,Perth Glory,A-League Men,21,1656,78.9,1,3,0.05,0.16,,,,,,,,,,,,,,,,,,,,,,,,,,,,,,,,,,,,,,,,,,,,,,,,,,,,,,0.35
trent-ostler-0e726b,Trent Ostler,23.0,Australia,184.0,,MF,Perth Glory,A-League Men,21,1607,76.5,2,0,0.11,,,,,,,,,,,,,,,,,,,,,,,,,,,,,,,,,,,,,,,,,,,,,,,,,,,,,,,0.25
taras-gomulka-7adde5,Taras Gomulka,24.0,Australia,182.0,,MF,Perth Glory,A-League Men,22,1657,75.3,0,0,,,,,,,,,,,,,,,,,,,,,,,,,,,,,,,,,,,,,,,,,,,,,,,,,,,,,,,,0.35
josh-risdon-eb9553,Josh Risdon,33.0,Australia,167.0,Right,DF-MF,Perth Glory,A-League Men,18,1414,78.6,0,2,0.0,0.13,0.0,0.0,0.0,0.0,0.0,0.33,0.0,0.0,25.7,1.0,0.0,0.0,37.0,73.0,5.0,0.0,7.0,5.67,1.67,1.67,55.6,34.33,1.0,63.33,19.33,1.0,38.33,3.67,0.67,1.0,2.33,0.0,0.0,0.33,0.0,1.33,,,,,,,,,,,,,,,,,,0.3
jaylan-pearman-7cae2e,Jaylan Pearman,19.0,Australia,179.0,,MF,Perth Glory,A-League Men,12,976,81.3,4,3,0.37,0.28,,,,,,,,,,,,,,,,,,,,,,,,,,,,,,,,,,,,,,,,,,,,,,,,,,,,,,0.3
zach-lisolajski-2328b8,Zach Lisolajski,20.0,Australia,184.0,,DF,Perth Glory,A-League Men,13,790,60.8,0,0,,,,,,,,,,,,,,,,,,,,,,,,,,,,,,,,,,,,,,,,,,,,,,,,,,,,,,,,0.15
nikola-mileusnic-cbbe85,Nikola Mileusnic,,Australia,180.0,Both,FW-MF,Perth Glory,A-League Men,14,671,47.9,0,1,,0.13,,,,,,,,,,,,,,,,,,,,,,,,,,,,,,,,,,,,,,,,,,,,,,,,,,,,,,0.25
yuto-misao-8f69c2,Yuto Misao,34.0,Japan,175.0,,DF,Perth Glory,A-League Men,12,783,65.2,0,1,,0.11,,,,,,,,,,,,,,,,,,,,,,,,,,,,,,,,,,,,,,,,,,,,,,,,,,,,,,0.1
tass-mourdoukoutas-d444ed,Tass Mourdoukoutas,,Australia,188.0,,DF,Perth Glory,A-League Men,8,672,84.0,0,0,,,,,,,,,,,,,,,,,,,,,,,,,,,,,,,,,,,,,,,,,,,,,,,,,,,,,,,,
luis-canga-18c7d5,Luis Cangá,30.0,Ecuador,175.0,,DF,Perth Glory,A-League Men,8,630,78.8,0,0,0.2,0.0,0.2,0.1,0.02,0.12,0.1,0.4,0.2,50.0,17.0,0.6,0.0,0.4,27.0,82.3,1.2,0.6,2.2,0.4,0.0,0.2,33.3,21.2,0.0,46.4,1.6,0.8,22.0,3.2,1.0,1.8,5.8,1.6,50.0,0.2,0.0,0.4,,,,,,,,,,,,,,,,,,0.5
luke-amos-25e7f9,Luke Amos,28.0,England,177.0,Both,MF,Perth Glory,A-League Men,8,516,64.5,1,0,0.17,0.0,0.0,0.07,0.08,0.15,0.07,1.21,0.0,0.0,21.7,2.32,0.1,0.4,23.99,73.7,2.32,0.3,3.73,2.82,1.71,1.01,50.0,19.96,0.81,46.97,13.81,2.52,25.4,1.71,1.21,2.32,5.44,1.51,48.4,0.6,0.0,1.21,,,,,,,,,,,,,,,,,,0.35
andriano-lebib-2350c0,Andriano Lebib,19.0,Australia,182.0,,DF,Perth Glory,A-League Men,7,630,90.0,0,0,,,,,,,,,,,,,,,,,,,,,,,,,,,,,,,,,,,,,,,,,,,,,,,,,,,,,,,,0.1
william-freney-241473,William Freney,20.0,Australia,178.0,Left,MF,Perth Glory,A-League Men,11,530,48.2,0,0,,,,,,,,,,,,,,,,,,,,,,,,,,,,,,,,,,,,,,,,,,,,,,,,,,,,,,,,0.15
jarrod-carluccio-62c573-1,Jarrod Carluccio,24.0,Australia,178.0,,FW,Perth Glory,A-League Men,12,642,53.5,1,1,0.14,0.14,,,,,,,,,,,,,,,,,,,,,,,,,,,,,,,,,,,,,,,,,,,,,,,,,,,,,,0.25
lachlan-barr-7bdb67,Lachlan Barr,31.0,England,188.0,Right,DF,Perth Glory,A-League Men,7,585,83.6,0,0,,,,,,,,,,,,,,,,,,,,,,,,,,,,,,,,,,,,,,,,,,,,,,,,,,,,,,,,
cameron-cook-815b84,Cameron Cook,24.0,Australia,188.0,,GK,Perth Glory,A-League Men,6,540,90.0,0,0,,,,,,,,,,,,,,,,,,,,,,,,,,,,,,,,,,,,,,,,,,,,,,,,,,,,,,,,0.25
patrick-wood-3a1d12-1,Patrick Wood,23.0,Australia,178.0,,FW,Perth Glory,A-League Men,9,456,50.7,0,0,,,,,,,,,,,,,,,,,,,,,,,,,,,,,,,,,,,,,,,,,,,,,,,,,,,,,,,,0.3
brandon-oneill-b07759,Brandon O'Neill,31.0,Australia,179.0,,DF-MF,Perth Glory,A-League Men,17,624,36.7,0,0,,,,,,,,,,,,,,,,,,,,,,,,,,,,,,,,,,,,,,,,,,,,,,,,,,,,,,,,0.25
adam-bugarija-e46e12,Adam Bugarija,20.0,Australia,178.0,Right,MF,Perth Glory,A-League Men,14,597,42.6,1,1,0.15,0.15,,,,,,,,,,,,,,,,,,,,,,,,,,,,,,,,,,,,,,,,,,,,,,,,,,,,,,0.2
anas-hamzaoui-72054f,Anas Hamzaoui,,Belgium,175.0,,DF,Perth Glory,A-League Men,10,490,49.0,0,0,,,,,,,,,,,,,,,,,,,,,,,,,,,,,,,,,,,,,,,,,,,,,,,,,,,,,,,,0.1
lachlan-wales-c72904,Lachlan Wales,28.0,Australia,182.0,,FW-MF,Perth Glory,A-League Men,7,468,66.9,1,2,0.19,0.38,,,,,,,,,,,,,,,,,,,,,,,,,,,,,,,,,,,,,,,,,,,,,,,,,,,,,,0.45
abdelelah-faisal-e36e8f-1,Abdelelah Faisal,20.0,Australia,178.0,,FW,Perth Glory,A-League Men,10,439,43.9,0,0,,,,,,,,,,,,,,,,,,,,,,,,,,,,,,,,,,,,,,,,,,,,,,,,,,,,,,,,0.15
takuya-okamoto-507151,Takuya Okamoto,33.0,Japan,174.0,,DF-MF,Perth Glory,A-League Men,6,371,61.8,0,0,,,,,,,,,,,,,,,,,,,,,,,,,,,,,,,,,,,,,,,,,,,,,,,,,,,,,,,,0.2
kaelan-majekodunmi-c87af8,Kaelan Majekodunmi,21.0,Australia,188.0,,DF,Perth Glory,A-League Men,5,336,67.2,0,0,,,,,,,,,,,,,,,,,,,,,,,,,,,,,,,,,,,,,,,,,,,,,,,,,,,,,,,,0.15
riley-warland-4d4811,Riley Warland,23.0,Australia,184.0,,DF,Perth Glory,A-League Men,4,322,80.5,0,0,,,,,,,,,,,,,,,,,,,,,,,,,,,,,,,,,,,,,,,,,,,,,,,,,,,,,,,,
hiroaki-aoyama-ead480,Hiroaki Aoyama,,Japan,169.0,Right,MF,Perth Glory,A-League Men,5,212,42.4,0,0,,,,,,,,,,,,,,,,,,,,,,,,,,,,,,,,,,,,,,,,,,,,,,,,,,,,,,,,
david-williams-5616c4,David Williams,,Australia,177.0,,FW-MF,Perth Glory,A-League Men,6,259,43.2,1,0,0.35,,,,,,,,,,,,,,,,,,,,,,,,,,,,,,,,,,,,,,,,,,,,,,,,,,,,,,,
cristian-caicedo-a950a9,Cristian Caicedo,,Colombia,188.0,,MF,Perth Glory,A-League Men,3,116,38.7,0,0,,,,,,,,,,,,,,,,,,,,,,,,,,,,,,,,,,,,,,,,,,,,,,,,,,,,,,,,
luke-bodnar-457bdb,Luke Bodnar,,Australia,182.0,,MF,Perth Glory,A-League Men,1,45,45.0,0,0,,,,,,,,,,,,,,,,,,,,,,,,,,,,,,,,,,,,,,,,,,,,,,,,,,,,,,,,
nathanael-blair-85c75b,Nathanael Blair,21.0,Australia,180.0,,FW,Perth Glory,A-League Men,14,300,21.4,0,0,,,,,,,,,,,,,,,,,,,,,,,,,,,,,,,,,,,,,,,,,,,,,,,,,,,,,,,,0.15
joel-anasmo-da1544,Joel Anasmo,21.0,Australia,180.0,Right,FW,Perth Glory,A-League Men,11,182,16.5,0,0,,,,,,,,,,,,,,,,,,,,,,,,,,,,,,,,,,,,,,,,,,,,,,,,,,,,,,,,0.05
sebastian-despotovski-5b15c6,Sebastian Despotovski,19.0,Australia,184.0,,MF,Perth Glory,A-League Men,1,1,1.0,0,0,,,,,,,,,,,,,,,,,,,,,,,,,,,,,,,,,,,,,,,,,,,,,,,,,,,,,,,,0.075
